,image,label,map_label
0,"[[[ 7]
  [ 8]
  [ 8]
  ...
  [ 5]
  [ 5]
  [ 5]]

 [[ 7]
  [ 8]
  [ 8]
  ...
  [ 6]
  [ 5]
  [ 5]]

 [[ 7]
  [ 7]
  [ 8]
  ...
  [ 7]
  [ 6]
  [ 4]]

 ...

 [[75]
  [73]
  [69]
  ...
  [10]
  [ 9]
  [ 8]]

 [[76]
  [71]
  [69]
  ...
  [ 6]
  [ 7]
  [ 7]]

 [[72]
  [70]
  [69]
  ...
  [ 5]
  [ 7]
  [ 9]]]",chandler,0.0
1,"[[[22]
  [27]
  [34]
  ...
  [18]
  [12]
  [11]]

 [[20]
  [24]
  [36]
  ...
  [17]
  [14]
  [13]]

 [[20]
  [25]
  [36]
  ...
  [18]
  [14]
  [13]]

 ...

 [[96]
  [97]
  [97]
  ...
  [76]
  [69]
  [57]]

 [[95]
  [94]
  [95]
  ...
  [81]
  [70]
  [58]]

 [[96]
  [97]
  [92]
  ...
  [87]
  [77]
  [68]]]",chandler,0.0
2,"[[[  5]
  [  5]
  [  4]
  ...
  [ 20]
  [ 16]
  [  9]]

 [[  5]
  [  4]
  [  4]
  ...
  [ 26]
  [ 24]
  [ 15]]

 [[  5]
  [  4]
  [  3]
  ...
  [ 30]
  [ 26]
  [ 18]]

 ...

 [[120]
  [109]
  [ 86]
  ...
  [ 33]
  [ 33]
  [ 33]]

 [[117]
  [111]
  [ 96]
  ...
  [ 31]
  [ 32]
  [ 32]]

 [[ 96]
  [ 93]
  [ 92]
  ...
  [ 32]
  [ 33]
  [ 31]]]",chandler,0.0
3,"[[[ 17]
  [ 16]
  [ 17]
  ...
  [ 96]
  [ 91]
  [ 83]]

 [[ 18]
  [ 19]
  [ 22]
  ...
  [101]
  [ 91]
  [ 84]]

 [[ 20]
  [ 17]
  [ 24]
  ...
  [ 95]
  [ 85]
  [ 80]]

 ...

 [[ 38]
  [ 39]
  [ 38]
  ...
  [ 27]
  [ 21]
  [ 24]]

 [[ 38]
  [ 38]
  [ 38]
  ...
  [ 26]
  [ 23]
  [ 27]]

 [[ 37]
  [ 35]
  [ 37]
  ...
  [ 23]
  [ 21]
  [ 32]]]",chandler,0.0
4,"[[[138]
  [ 93]
  [ 48]
  ...
  [  7]
  [ 10]
  [  7]]

 [[193]
  [116]
  [ 51]
  ...
  [ 10]
  [ 11]
  [  7]]

 [[181]
  [109]
  [ 43]
  ...
  [  8]
  [ 11]
  [ 10]]

 ...

 [[122]
  [132]
  [136]
  ...
  [ 89]
  [ 96]
  [ 89]]

 [[123]
  [123]
  [129]
  ...
  [ 89]
  [ 88]
  [ 91]]

 [[129]
  [125]
  [122]
  ...
  [ 88]
  [ 78]
  [ 80]]]",chandler,0.0
5,"[[[111]
  [116]
  [123]
  ...
  [ 34]
  [ 31]
  [ 29]]

 [[108]
  [112]
  [123]
  ...
  [ 39]
  [ 33]
  [ 29]]

 [[106]
  [106]
  [117]
  ...
  [ 41]
  [ 38]
  [ 30]]

 ...

 [[ 65]
  [ 67]
  [ 66]
  ...
  [ 45]
  [ 64]
  [ 68]]

 [[ 62]
  [ 58]
  [ 61]
  ...
  [ 36]
  [ 28]
  [ 47]]

 [[ 62]
  [ 61]
  [ 63]
  ...
  [ 22]
  [ 35]
  [ 29]]]",chandler,0.0
6,"[[[ 78]
  [ 87]
  [ 95]
  ...
  [104]
  [105]
  [107]]

 [[ 77]
  [ 84]
  [ 93]
  ...
  [105]
  [105]
  [107]]

 [[ 75]
  [ 82]
  [ 90]
  ...
  [106]
  [106]
  [108]]

 ...

 [[102]
  [102]
  [102]
  ...
  [ 17]
  [ 18]
  [ 20]]

 [[102]
  [102]
  [102]
  ...
  [ 17]
  [ 18]
  [ 20]]

 [[101]
  [101]
  [102]
  ...
  [ 17]
  [ 17]
  [ 18]]]",chandler,0.0
7,"[[[102]
  [123]
  [135]
  ...
  [ 29]
  [ 32]
  [ 31]]

 [[110]
  [116]
  [134]
  ...
  [ 30]
  [ 32]
  [ 29]]

 [[102]
  [116]
  [132]
  ...
  [ 38]
  [ 38]
  [ 33]]

 ...

 [[133]
  [129]
  [127]
  ...
  [ 10]
  [ 14]
  [ 10]]

 [[133]
  [128]
  [127]
  ...
  [ 21]
  [ 14]
  [ 14]]

 [[125]
  [127]
  [128]
  ...
  [ 23]
  [ 19]
  [ 18]]]",chandler,0.0
8,"[[[ 23]
  [ 24]
  [ 28]
  ...
  [ 11]
  [  9]
  [  8]]

 [[ 24]
  [ 24]
  [ 28]
  ...
  [ 11]
  [ 10]
  [  9]]

 [[ 24]
  [ 24]
  [ 27]
  ...
  [ 11]
  [ 11]
  [ 11]]

 ...

 [[113]
  [ 84]
  [ 50]
  ...
  [ 17]
  [ 16]
  [ 15]]

 [[110]
  [ 81]
  [ 47]
  ...
  [ 11]
  [ 10]
  [  9]]

 [[109]
  [ 82]
  [ 48]
  ...
  [  7]
  [  7]
  [  7]]]",chandler,0.0
9,"[[[  7]
  [  8]
  [ 11]
  ...
  [105]
  [104]
  [104]]

 [[  7]
  [  8]
  [ 13]
  ...
  [105]
  [106]
  [106]]

 [[  7]
  [  9]
  [ 15]
  ...
  [106]
  [106]
  [107]]

 ...

 [[175]
  [170]
  [151]
  ...
  [ 77]
  [ 58]
  [ 75]]

 [[172]
  [169]
  [152]
  ...
  [ 95]
  [ 51]
  [ 56]]

 [[168]
  [167]
  [155]
  ...
  [116]
  [ 46]
  [ 43]]]",chandler,0.0
10,"[[[ 6]
  [11]
  [17]
  ...
  [55]
  [54]
  [50]]

 [[ 9]
  [13]
  [24]
  ...
  [55]
  [53]
  [50]]

 [[11]
  [16]
  [25]
  ...
  [61]
  [60]
  [57]]

 ...

 [[66]
  [69]
  [64]
  ...
  [22]
  [22]
  [19]]

 [[68]
  [73]
  [66]
  ...
  [22]
  [23]
  [21]]

 [[70]
  [72]
  [66]
  ...
  [23]
  [23]
  [24]]]",chandler,0.0
11,"[[[ 62]
  [ 74]
  [ 90]
  ...
  [ 13]
  [  9]
  [ 10]]

 [[ 59]
  [ 70]
  [ 85]
  ...
  [ 16]
  [ 11]
  [ 12]]

 [[ 56]
  [ 67]
  [ 83]
  ...
  [ 17]
  [ 13]
  [ 13]]

 ...

 [[132]
  [137]
  [138]
  ...
  [ 61]
  [ 66]
  [ 64]]

 [[143]
  [139]
  [136]
  ...
  [ 59]
  [ 66]
  [ 64]]

 [[152]
  [140]
  [134]
  ...
  [ 58]
  [ 65]
  [ 65]]]",chandler,0.0
12,"[[[  3]
  [  3]
  [  3]
  ...
  [120]
  [119]
  [119]]

 [[  4]
  [  4]
  [  3]
  ...
  [122]
  [121]
  [120]]

 [[  5]
  [  5]
  [  5]
  ...
  [125]
  [122]
  [121]]

 ...

 [[ 48]
  [ 49]
  [ 52]
  ...
  [116]
  [114]
  [113]]

 [[ 48]
  [ 49]
  [ 50]
  ...
  [117]
  [116]
  [115]]

 [[ 48]
  [ 48]
  [ 49]
  ...
  [118]
  [117]
  [116]]]",chandler,0.0
13,"[[[ 28]
  [ 29]
  [ 27]
  ...
  [ 92]
  [ 93]
  [ 95]]

 [[ 35]
  [ 35]
  [ 34]
  ...
  [ 92]
  [ 93]
  [ 95]]

 [[ 41]
  [ 42]
  [ 43]
  ...
  [ 91]
  [ 92]
  [ 93]]

 ...

 [[101]
  [111]
  [104]
  ...
  [ 98]
  [ 97]
  [ 97]]

 [[121]
  [114]
  [ 88]
  ...
  [ 98]
  [ 97]
  [ 96]]

 [[136]
  [113]
  [ 76]
  ...
  [ 97]
  [ 96]
  [ 96]]]",chandler,0.0
14,"[[[21]
  [21]
  [22]
  ...
  [23]
  [23]
  [23]]

 [[21]
  [22]
  [23]
  ...
  [23]
  [23]
  [23]]

 [[23]
  [23]
  [25]
  ...
  [23]
  [23]
  [23]]

 ...

 [[93]
  [92]
  [90]
  ...
  [41]
  [51]
  [55]]

 [[93]
  [92]
  [90]
  ...
  [40]
  [52]
  [57]]

 [[93]
  [92]
  [90]
  ...
  [40]
  [53]
  [57]]]",chandler,0.0
15,"[[[53]
  [31]
  [39]
  ...
  [10]
  [ 6]
  [ 9]]

 [[59]
  [29]
  [48]
  ...
  [10]
  [ 5]
  [ 7]]

 [[55]
  [59]
  [57]
  ...
  [14]
  [ 9]
  [ 9]]

 ...

 [[90]
  [94]
  [89]
  ...
  [82]
  [59]
  [87]]

 [[92]
  [88]
  [85]
  ...
  [80]
  [65]
  [96]]

 [[88]
  [85]
  [83]
  ...
  [90]
  [71]
  [96]]]",chandler,0.0
16,"[[[ 47]
  [ 47]
  [ 53]
  ...
  [101]
  [106]
  [104]]

 [[ 47]
  [ 50]
  [ 55]
  ...
  [103]
  [105]
  [104]]

 [[ 48]
  [ 53]
  [ 59]
  ...
  [106]
  [106]
  [105]]

 ...

 [[ 62]
  [ 64]
  [ 63]
  ...
  [106]
  [102]
  [102]]

 [[ 64]
  [ 64]
  [ 63]
  ...
  [105]
  [102]
  [102]]

 [[ 65]
  [ 68]
  [ 64]
  ...
  [103]
  [102]
  [101]]]",chandler,0.0
17,"[[[248]
  [245]
  [245]
  ...
  [250]
  [251]
  [253]]

 [[248]
  [245]
  [245]
  ...
  [250]
  [252]
  [252]]

 [[245]
  [242]
  [241]
  ...
  [252]
  [251]
  [253]]

 ...

 [[255]
  [255]
  [255]
  ...
  [120]
  [125]
  [118]]

 [[255]
  [255]
  [255]
  ...
  [118]
  [128]
  [122]]

 [[255]
  [255]
  [255]
  ...
  [121]
  [127]
  [134]]]",chandler,0.0
18,"[[[ 1]
  [ 1]
  [ 3]
  ...
  [48]
  [48]
  [48]]

 [[ 2]
  [ 2]
  [ 3]
  ...
  [48]
  [48]
  [48]]

 [[ 3]
  [ 3]
  [ 3]
  ...
  [48]
  [48]
  [48]]

 ...

 [[ 4]
  [ 2]
  [ 2]
  ...
  [ 2]
  [ 1]
  [ 1]]

 [[ 4]
  [ 3]
  [ 2]
  ...
  [ 2]
  [ 2]
  [ 2]]

 [[ 2]
  [ 2]
  [ 2]
  ...
  [ 1]
  [ 2]
  [ 4]]]",chandler,0.0
19,"[[[ 59]
  [ 69]
  [ 75]
  ...
  [  9]
  [  7]
  [  8]]

 [[ 58]
  [ 67]
  [ 74]
  ...
  [  9]
  [  7]
  [  7]]

 [[ 59]
  [ 70]
  [ 78]
  ...
  [  9]
  [  9]
  [ 11]]

 ...

 [[ 58]
  [ 37]
  [ 25]
  ...
  [112]
  [ 85]
  [ 26]]

 [[ 55]
  [ 34]
  [ 24]
  ...
  [112]
  [ 93]
  [ 37]]

 [[ 49]
  [ 29]
  [ 20]
  ...
  [109]
  [ 95]
  [ 41]]]",chandler,0.0
20,"[[[26]
  [25]
  [22]
  ...
  [52]
  [52]
  [54]]

 [[22]
  [22]
  [21]
  ...
  [40]
  [39]
  [40]]

 [[26]
  [25]
  [26]
  ...
  [32]
  [33]
  [33]]

 ...

 [[62]
  [60]
  [57]
  ...
  [76]
  [77]
  [79]]

 [[66]
  [62]
  [58]
  ...
  [78]
  [76]
  [78]]

 [[68]
  [64]
  [60]
  ...
  [96]
  [84]
  [76]]]",chandler,0.0
21,"[[[12]
  [11]
  [10]
  ...
  [12]
  [10]
  [ 7]]

 [[14]
  [14]
  [13]
  ...
  [15]
  [13]
  [10]]

 [[19]
  [20]
  [21]
  ...
  [19]
  [16]
  [12]]

 ...

 [[41]
  [41]
  [43]
  ...
  [35]
  [33]
  [35]]

 [[42]
  [42]
  [43]
  ...
  [34]
  [31]
  [33]]

 [[43]
  [42]
  [42]
  ...
  [33]
  [33]
  [31]]]",chandler,0.0
22,"[[[ 12]
  [ 11]
  [ 13]
  ...
  [  6]
  [  8]
  [  9]]

 [[ 12]
  [ 11]
  [ 11]
  ...
  [  6]
  [  6]
  [  6]]

 [[ 13]
  [ 10]
  [ 11]
  ...
  [  7]
  [  6]
  [  6]]

 ...

 [[ 85]
  [ 88]
  [ 91]
  ...
  [136]
  [110]
  [115]]

 [[ 70]
  [ 85]
  [ 82]
  ...
  [137]
  [110]
  [121]]

 [[ 46]
  [ 69]
  [ 83]
  ...
  [102]
  [ 82]
  [105]]]",chandler,0.0
23,"[[[11]
  [10]
  [11]
  ...
  [89]
  [90]
  [94]]

 [[10]
  [ 8]
  [11]
  ...
  [80]
  [79]
  [81]]

 [[ 9]
  [12]
  [19]
  ...
  [75]
  [65]
  [65]]

 ...

 [[79]
  [90]
  [90]
  ...
  [11]
  [11]
  [ 9]]

 [[47]
  [75]
  [90]
  ...
  [11]
  [13]
  [13]]

 [[41]
  [54]
  [72]
  ...
  [14]
  [17]
  [17]]]",chandler,0.0
24,"[[[ 26]
  [ 28]
  [ 30]
  ...
  [ 36]
  [ 34]
  [ 32]]

 [[ 28]
  [ 32]
  [ 33]
  ...
  [ 35]
  [ 34]
  [ 28]]

 [[ 35]
  [ 32]
  [ 35]
  ...
  [ 30]
  [ 33]
  [ 32]]

 ...

 [[106]
  [105]
  [105]
  ...
  [ 83]
  [ 87]
  [ 86]]

 [[106]
  [105]
  [102]
  ...
  [ 67]
  [ 76]
  [ 71]]

 [[105]
  [105]
  [104]
  ...
  [ 66]
  [ 61]
  [ 62]]]",chandler,0.0
25,"[[[ 68]
  [ 86]
  [108]
  ...
  [ 90]
  [ 74]
  [ 58]]

 [[ 77]
  [ 87]
  [101]
  ...
  [ 90]
  [ 75]
  [ 64]]

 [[ 74]
  [ 85]
  [102]
  ...
  [ 90]
  [ 77]
  [ 70]]

 ...

 [[168]
  [168]
  [168]
  ...
  [196]
  [196]
  [195]]

 [[169]
  [169]
  [169]
  ...
  [196]
  [196]
  [196]]

 [[169]
  [170]
  [170]
  ...
  [195]
  [196]
  [198]]]",chandler,0.0
26,"[[[  4]
  [  5]
  [  6]
  ...
  [ 11]
  [ 12]
  [ 13]]

 [[  4]
  [  4]
  [  4]
  ...
  [  9]
  [ 15]
  [ 22]]

 [[  5]
  [  4]
  [  4]
  ...
  [ 17]
  [ 26]
  [ 34]]

 ...

 [[127]
  [128]
  [125]
  ...
  [135]
  [148]
  [158]]

 [[127]
  [129]
  [128]
  ...
  [134]
  [149]
  [158]]

 [[131]
  [133]
  [131]
  ...
  [132]
  [148]
  [156]]]",chandler,0.0
27,"[[[139]
  [142]
  [148]
  ...
  [ 78]
  [ 78]
  [ 77]]

 [[139]
  [143]
  [150]
  ...
  [ 78]
  [ 78]
  [ 77]]

 [[139]
  [144]
  [151]
  ...
  [ 78]
  [ 78]
  [ 77]]

 ...

 [[ 98]
  [ 96]
  [ 95]
  ...
  [  8]
  [  8]
  [  8]]

 [[ 97]
  [ 95]
  [ 94]
  ...
  [  8]
  [  8]
  [  8]]

 [[ 97]
  [ 95]
  [ 94]
  ...
  [  8]
  [  8]
  [  8]]]",chandler,0.0
28,"[[[45]
  [42]
  [39]
  ...
  [26]
  [29]
  [32]]

 [[46]
  [44]
  [43]
  ...
  [31]
  [30]
  [31]]

 [[45]
  [46]
  [46]
  ...
  [34]
  [30]
  [29]]

 ...

 [[54]
  [53]
  [53]
  ...
  [55]
  [57]
  [60]]

 [[52]
  [52]
  [52]
  ...
  [52]
  [53]
  [58]]

 [[57]
  [56]
  [55]
  ...
  [49]
  [53]
  [64]]]",chandler,0.0
29,"[[[  2]
  [  0]
  [  1]
  ...
  [ 15]
  [ 11]
  [  9]]

 [[  1]
  [  1]
  [  1]
  ...
  [ 14]
  [ 11]
  [  5]]

 [[  0]
  [  0]
  [  1]
  ...
  [ 14]
  [  8]
  [  5]]

 ...

 [[ 61]
  [ 63]
  [ 64]
  ...
  [ 87]
  [ 88]
  [ 94]]

 [[ 86]
  [ 88]
  [ 90]
  ...
  [ 84]
  [ 87]
  [ 94]]

 [[ 97]
  [ 99]
  [100]
  ...
  [ 83]
  [ 86]
  [ 92]]]",chandler,0.0
30,"[[[52]
  [63]
  [62]
  ...
  [ 7]
  [17]
  [18]]

 [[50]
  [60]
  [61]
  ...
  [ 8]
  [17]
  [19]]

 [[52]
  [56]
  [64]
  ...
  [ 8]
  [14]
  [20]]

 ...

 [[87]
  [76]
  [70]
  ...
  [35]
  [39]
  [41]]

 [[76]
  [75]
  [74]
  ...
  [27]
  [29]
  [31]]

 [[86]
  [74]
  [73]
  ...
  [27]
  [30]
  [32]]]",chandler,0.0
31,"[[[ 88]
  [ 86]
  [ 61]
  ...
  [156]
  [144]
  [154]]

 [[ 83]
  [ 85]
  [ 64]
  ...
  [140]
  [158]
  [188]]

 [[ 86]
  [ 88]
  [ 63]
  ...
  [148]
  [186]
  [179]]

 ...

 [[121]
  [122]
  [117]
  ...
  [ 36]
  [ 32]
  [ 36]]

 [[115]
  [112]
  [110]
  ...
  [ 39]
  [ 36]
  [ 40]]

 [[116]
  [117]
  [115]
  ...
  [ 32]
  [ 36]
  [ 37]]]",phoebe,1.0
32,"[[[135]
  [138]
  [146]
  ...
  [142]
  [127]
  [112]]

 [[135]
  [139]
  [146]
  ...
  [115]
  [134]
  [124]]

 [[131]
  [142]
  [148]
  ...
  [107]
  [100]
  [109]]

 ...

 [[104]
  [102]
  [105]
  ...
  [ 53]
  [ 50]
  [ 66]]

 [[101]
  [ 98]
  [102]
  ...
  [ 58]
  [ 65]
  [ 58]]

 [[ 99]
  [ 97]
  [ 99]
  ...
  [ 73]
  [ 68]
  [ 48]]]",phoebe,1.0
33,"[[[ 99]
  [ 96]
  [ 98]
  ...
  [127]
  [125]
  [116]]

 [[ 92]
  [ 89]
  [ 97]
  ...
  [128]
  [124]
  [117]]

 [[ 86]
  [ 85]
  [ 99]
  ...
  [129]
  [123]
  [117]]

 ...

 [[135]
  [135]
  [133]
  ...
  [ 82]
  [ 95]
  [ 93]]

 [[134]
  [137]
  [133]
  ...
  [ 82]
  [ 96]
  [ 94]]

 [[134]
  [136]
  [133]
  ...
  [ 82]
  [ 96]
  [ 96]]]",phoebe,1.0
34,"[[[149]
  [139]
  [125]
  ...
  [ 58]
  [ 57]
  [ 56]]

 [[133]
  [123]
  [103]
  ...
  [ 60]
  [ 59]
  [ 57]]

 [[126]
  [112]
  [ 88]
  ...
  [ 58]
  [ 57]
  [ 58]]

 ...

 [[ 61]
  [ 62]
  [ 57]
  ...
  [ 21]
  [ 20]
  [ 19]]

 [[ 55]
  [ 58]
  [ 60]
  ...
  [ 25]
  [ 24]
  [ 23]]

 [[ 52]
  [ 52]
  [ 59]
  ...
  [ 27]
  [ 27]
  [ 26]]]",phoebe,1.0
35,"[[[ 42]
  [ 41]
  [ 41]
  ...
  [117]
  [ 98]
  [ 83]]

 [[ 42]
  [ 41]
  [ 41]
  ...
  [126]
  [118]
  [100]]

 [[ 42]
  [ 41]
  [ 41]
  ...
  [132]
  [134]
  [124]]

 ...

 [[ 42]
  [ 43]
  [ 42]
  ...
  [110]
  [109]
  [ 93]]

 [[ 41]
  [ 43]
  [ 42]
  ...
  [116]
  [109]
  [ 96]]

 [[ 41]
  [ 42]
  [ 42]
  ...
  [121]
  [111]
  [ 99]]]",phoebe,1.0
36,"[[[233]
  [227]
  [224]
  ...
  [216]
  [196]
  [186]]

 [[227]
  [218]
  [221]
  ...
  [218]
  [210]
  [167]]

 [[218]
  [216]
  [224]
  ...
  [214]
  [200]
  [171]]

 ...

 [[170]
  [161]
  [164]
  ...
  [168]
  [161]
  [167]]

 [[161]
  [161]
  [162]
  ...
  [159]
  [158]
  [175]]

 [[162]
  [164]
  [163]
  ...
  [184]
  [157]
  [163]]]",phoebe,1.0
37,"[[[ 64]
  [ 58]
  [ 62]
  ...
  [ 23]
  [ 18]
  [ 12]]

 [[ 62]
  [ 60]
  [ 63]
  ...
  [ 18]
  [ 13]
  [  7]]

 [[ 62]
  [ 58]
  [ 59]
  ...
  [  7]
  [  6]
  [  3]]

 ...

 [[ 29]
  [ 29]
  [ 29]
  ...
  [ 49]
  [ 85]
  [110]]

 [[ 36]
  [ 35]
  [ 33]
  ...
  [ 52]
  [ 87]
  [109]]

 [[ 39]
  [ 38]
  [ 34]
  ...
  [ 50]
  [ 85]
  [109]]]",phoebe,1.0
38,"[[[185]
  [179]
  [169]
  ...
  [103]
  [113]
  [123]]

 [[185]
  [177]
  [166]
  ...
  [107]
  [113]
  [121]]

 [[185]
  [175]
  [162]
  ...
  [114]
  [115]
  [119]]

 ...

 [[ 82]
  [ 85]
  [ 93]
  ...
  [175]
  [177]
  [175]]

 [[ 80]
  [ 81]
  [ 86]
  ...
  [183]
  [182]
  [178]]

 [[ 78]
  [ 77]
  [ 81]
  ...
  [188]
  [186]
  [181]]]",phoebe,1.0
39,"[[[117]
  [120]
  [123]
  ...
  [147]
  [150]
  [145]]

 [[116]
  [117]
  [118]
  ...
  [139]
  [153]
  [165]]

 [[113]
  [112]
  [116]
  ...
  [136]
  [144]
  [153]]

 ...

 [[ 33]
  [ 29]
  [ 27]
  ...
  [ 19]
  [ 20]
  [ 20]]

 [[ 32]
  [ 32]
  [ 30]
  ...
  [ 19]
  [ 18]
  [ 20]]

 [[ 34]
  [ 32]
  [ 28]
  ...
  [ 18]
  [ 19]
  [ 20]]]",phoebe,1.0
40,"[[[165]
  [163]
  [161]
  ...
  [171]
  [166]
  [161]]

 [[169]
  [169]
  [169]
  ...
  [177]
  [169]
  [161]]

 [[167]
  [169]
  [172]
  ...
  [183]
  [172]
  [163]]

 ...

 [[151]
  [150]
  [149]
  ...
  [ 92]
  [ 90]
  [ 91]]

 [[163]
  [161]
  [160]
  ...
  [ 86]
  [ 85]
  [ 88]]

 [[171]
  [171]
  [171]
  ...
  [ 84]
  [ 88]
  [ 89]]]",phoebe,1.0
41,"[[[ 83]
  [ 86]
  [107]
  ...
  [ 46]
  [ 59]
  [ 63]]

 [[ 81]
  [ 89]
  [108]
  ...
  [ 39]
  [ 44]
  [ 54]]

 [[ 80]
  [ 92]
  [103]
  ...
  [ 41]
  [ 49]
  [ 52]]

 ...

 [[130]
  [148]
  [152]
  ...
  [ 39]
  [ 42]
  [ 41]]

 [[131]
  [146]
  [149]
  ...
  [ 38]
  [ 43]
  [ 42]]

 [[138]
  [141]
  [145]
  ...
  [ 36]
  [ 46]
  [ 40]]]",phoebe,1.0
42,"[[[ 60]
  [ 55]
  [ 51]
  ...
  [ 53]
  [ 53]
  [ 54]]

 [[ 66]
  [ 59]
  [ 54]
  ...
  [ 53]
  [ 53]
  [ 54]]

 [[ 68]
  [ 60]
  [ 56]
  ...
  [ 53]
  [ 54]
  [ 54]]

 ...

 [[102]
  [101]
  [100]
  ...
  [ 64]
  [ 63]
  [ 63]]

 [[104]
  [102]
  [101]
  ...
  [ 64]
  [ 63]
  [ 63]]

 [[104]
  [101]
  [ 98]
  ...
  [ 64]
  [ 63]
  [ 63]]]",phoebe,1.0
43,"[[[ 26]
  [ 28]
  [ 36]
  ...
  [ 44]
  [ 39]
  [ 38]]

 [[ 22]
  [ 24]
  [ 33]
  ...
  [ 47]
  [ 41]
  [ 40]]

 [[ 20]
  [ 23]
  [ 30]
  ...
  [ 51]
  [ 45]
  [ 42]]

 ...

 [[128]
  [130]
  [136]
  ...
  [ 46]
  [ 42]
  [ 45]]

 [[122]
  [130]
  [139]
  ...
  [ 43]
  [ 43]
  [ 43]]

 [[123]
  [132]
  [141]
  ...
  [ 44]
  [ 43]
  [ 43]]]",phoebe,1.0
44,"[[[149]
  [156]
  [164]
  ...
  [ 31]
  [ 33]
  [ 34]]

 [[150]
  [158]
  [165]
  ...
  [ 34]
  [ 36]
  [ 36]]

 [[150]
  [158]
  [165]
  ...
  [ 37]
  [ 40]
  [ 38]]

 ...

 [[ 56]
  [ 55]
  [ 56]
  ...
  [ 67]
  [ 66]
  [ 67]]

 [[ 57]
  [ 57]
  [ 57]
  ...
  [ 70]
  [ 70]
  [ 70]]

 [[ 59]
  [ 59]
  [ 59]
  ...
  [ 72]
  [ 72]
  [ 73]]]",phoebe,1.0
45,"[[[76]
  [81]
  [87]
  ...
  [46]
  [47]
  [48]]

 [[85]
  [88]
  [94]
  ...
  [51]
  [51]
  [51]]

 [[92]
  [94]
  [98]
  ...
  [55]
  [54]
  [52]]

 ...

 [[40]
  [42]
  [40]
  ...
  [91]
  [94]
  [97]]

 [[39]
  [41]
  [41]
  ...
  [93]
  [95]
  [98]]

 [[38]
  [39]
  [40]
  ...
  [93]
  [96]
  [98]]]",phoebe,1.0
46,"[[[83]
  [85]
  [82]
  ...
  [87]
  [92]
  [89]]

 [[79]
  [80]
  [79]
  ...
  [87]
  [92]
  [89]]

 [[74]
  [79]
  [78]
  ...
  [87]
  [91]
  [91]]

 ...

 [[72]
  [67]
  [60]
  ...
  [28]
  [23]
  [20]]

 [[74]
  [68]
  [64]
  ...
  [26]
  [20]
  [18]]

 [[70]
  [65]
  [65]
  ...
  [24]
  [21]
  [21]]]",phoebe,1.0
47,"[[[132]
  [127]
  [126]
  ...
  [ 98]
  [ 96]
  [ 84]]

 [[135]
  [131]
  [128]
  ...
  [ 94]
  [ 96]
  [ 83]]

 [[140]
  [137]
  [135]
  ...
  [108]
  [ 92]
  [ 80]]

 ...

 [[229]
  [221]
  [216]
  ...
  [ 78]
  [ 73]
  [ 76]]

 [[200]
  [194]
  [195]
  ...
  [ 78]
  [ 72]
  [ 72]]

 [[168]
  [171]
  [167]
  ...
  [ 77]
  [ 70]
  [ 72]]]",phoebe,1.0
48,"[[[ 38]
  [ 50]
  [ 62]
  ...
  [179]
  [175]
  [172]]

 [[ 36]
  [ 48]
  [ 60]
  ...
  [175]
  [176]
  [174]]

 [[ 33]
  [ 46]
  [ 59]
  ...
  [167]
  [171]
  [171]]

 ...

 [[ 53]
  [ 72]
  [ 91]
  ...
  [ 60]
  [ 70]
  [ 79]]

 [[ 45]
  [ 58]
  [ 73]
  ...
  [ 64]
  [ 74]
  [ 81]]

 [[ 42]
  [ 47]
  [ 55]
  ...
  [ 67]
  [ 75]
  [ 81]]]",phoebe,1.0
49,"[[[ 79]
  [ 69]
  [ 78]
  ...
  [114]
  [157]
  [190]]

 [[ 74]
  [ 68]
  [ 76]
  ...
  [107]
  [125]
  [173]]

 [[ 68]
  [ 66]
  [ 79]
  ...
  [102]
  [111]
  [160]]

 ...

 [[ 20]
  [ 30]
  [ 44]
  ...
  [160]
  [157]
  [157]]

 [[ 21]
  [ 36]
  [ 43]
  ...
  [148]
  [152]
  [152]]

 [[ 23]
  [ 40]
  [ 42]
  ...
  [141]
  [142]
  [142]]]",phoebe,1.0
50,"[[[ 20]
  [ 17]
  [ 17]
  ...
  [ 66]
  [ 85]
  [118]]

 [[ 20]
  [ 14]
  [ 13]
  ...
  [ 67]
  [ 83]
  [115]]

 [[ 17]
  [ 13]
  [ 15]
  ...
  [ 62]
  [ 78]
  [111]]

 ...

 [[138]
  [125]
  [113]
  ...
  [ 47]
  [ 41]
  [ 41]]

 [[136]
  [121]
  [111]
  ...
  [ 45]
  [ 43]
  [ 45]]

 [[134]
  [123]
  [112]
  ...
  [ 46]
  [ 44]
  [ 46]]]",phoebe,1.0
51,"[[[177]
  [184]
  [193]
  ...
  [103]
  [100]
  [100]]

 [[180]
  [186]
  [188]
  ...
  [ 99]
  [113]
  [118]]

 [[181]
  [185]
  [184]
  ...
  [ 83]
  [102]
  [117]]

 ...

 [[205]
  [192]
  [177]
  ...
  [137]
  [156]
  [175]]

 [[200]
  [196]
  [189]
  ...
  [156]
  [179]
  [189]]

 [[192]
  [194]
  [194]
  ...
  [181]
  [198]
  [195]]]",phoebe,1.0
52,"[[[ 96]
  [103]
  [103]
  ...
  [148]
  [147]
  [127]]

 [[ 97]
  [104]
  [101]
  ...
  [142]
  [149]
  [139]]

 [[ 96]
  [100]
  [101]
  ...
  [142]
  [144]
  [144]]

 ...

 [[133]
  [116]
  [113]
  ...
  [230]
  [231]
  [236]]

 [[133]
  [121]
  [115]
  ...
  [229]
  [228]
  [236]]

 [[137]
  [125]
  [120]
  ...
  [234]
  [235]
  [230]]]",phoebe,1.0
53,"[[[170]
  [155]
  [141]
  ...
  [139]
  [134]
  [136]]

 [[153]
  [154]
  [144]
  ...
  [139]
  [147]
  [138]]

 [[147]
  [149]
  [141]
  ...
  [133]
  [138]
  [131]]

 ...

 [[ 98]
  [129]
  [141]
  ...
  [ 60]
  [ 54]
  [ 55]]

 [[ 93]
  [138]
  [147]
  ...
  [ 61]
  [ 57]
  [ 55]]

 [[103]
  [136]
  [141]
  ...
  [ 62]
  [ 59]
  [ 57]]]",phoebe,1.0
54,"[[[189]
  [209]
  [217]
  ...
  [110]
  [ 94]
  [ 91]]

 [[191]
  [215]
  [216]
  ...
  [ 85]
  [112]
  [ 95]]

 [[194]
  [211]
  [217]
  ...
  [ 70]
  [107]
  [101]]

 ...

 [[232]
  [228]
  [225]
  ...
  [ 80]
  [ 80]
  [ 77]]

 [[238]
  [229]
  [228]
  ...
  [ 82]
  [ 77]
  [ 78]]

 [[238]
  [230]
  [228]
  ...
  [ 91]
  [ 84]
  [ 79]]]",phoebe,1.0
55,"[[[132]
  [127]
  [126]
  ...
  [ 98]
  [ 96]
  [ 84]]

 [[135]
  [131]
  [128]
  ...
  [ 94]
  [ 96]
  [ 83]]

 [[140]
  [137]
  [135]
  ...
  [108]
  [ 92]
  [ 80]]

 ...

 [[229]
  [221]
  [216]
  ...
  [ 78]
  [ 73]
  [ 76]]

 [[200]
  [194]
  [195]
  ...
  [ 78]
  [ 72]
  [ 72]]

 [[168]
  [171]
  [167]
  ...
  [ 77]
  [ 70]
  [ 72]]]",phoebe,1.0
56,"[[[ 23]
  [ 17]
  [ 21]
  ...
  [ 78]
  [ 75]
  [ 72]]

 [[ 23]
  [ 22]
  [ 25]
  ...
  [ 80]
  [ 70]
  [ 68]]

 [[ 27]
  [ 25]
  [ 28]
  ...
  [ 78]
  [ 71]
  [ 63]]

 ...

 [[144]
  [164]
  [181]
  ...
  [ 13]
  [  7]
  [  8]]

 [[134]
  [166]
  [187]
  ...
  [ 12]
  [ 10]
  [  4]]

 [[139]
  [161]
  [185]
  ...
  [ 18]
  [  7]
  [ 16]]]",phoebe,1.0
57,"[[[ 32]
  [ 33]
  [ 35]
  ...
  [117]
  [150]
  [164]]

 [[ 37]
  [ 39]
  [ 40]
  ...
  [ 92]
  [117]
  [152]]

 [[ 46]
  [ 44]
  [ 45]
  ...
  [ 81]
  [ 89]
  [120]]

 ...

 [[ 64]
  [ 62]
  [ 63]
  ...
  [ 57]
  [ 56]
  [ 53]]

 [[ 62]
  [ 62]
  [ 63]
  ...
  [ 58]
  [ 57]
  [ 55]]

 [[ 59]
  [ 61]
  [ 66]
  ...
  [ 55]
  [ 55]
  [ 56]]]",phoebe,1.0
58,"[[[  6]
  [  2]
  [  0]
  ...
  [ 54]
  [ 48]
  [ 42]]

 [[  9]
  [  1]
  [  0]
  ...
  [ 55]
  [ 55]
  [ 52]]

 [[ 12]
  [  3]
  [  3]
  ...
  [ 57]
  [ 54]
  [ 58]]

 ...

 [[126]
  [127]
  [124]
  ...
  [ 72]
  [ 74]
  [ 77]]

 [[122]
  [122]
  [120]
  ...
  [ 67]
  [ 81]
  [ 80]]

 [[124]
  [122]
  [122]
  ...
  [ 52]
  [ 78]
  [ 82]]]",phoebe,1.0
59,"[[[149]
  [165]
  [153]
  ...
  [ 38]
  [ 39]
  [ 39]]

 [[152]
  [161]
  [152]
  ...
  [ 38]
  [ 39]
  [ 39]]

 [[156]
  [159]
  [153]
  ...
  [ 38]
  [ 39]
  [ 40]]

 ...

 [[ 56]
  [ 57]
  [ 57]
  ...
  [ 78]
  [ 78]
  [ 77]]

 [[ 55]
  [ 56]
  [ 56]
  ...
  [ 78]
  [ 78]
  [ 78]]

 [[ 54]
  [ 54]
  [ 55]
  ...
  [ 79]
  [ 79]
  [ 78]]]",phoebe,1.0
60,"[[[12]
  [14]
  [14]
  ...
  [51]
  [51]
  [51]]

 [[13]
  [11]
  [11]
  ...
  [53]
  [52]
  [51]]

 [[ 9]
  [ 9]
  [ 9]
  ...
  [53]
  [53]
  [52]]

 ...

 [[19]
  [32]
  [46]
  ...
  [55]
  [56]
  [55]]

 [[20]
  [32]
  [45]
  ...
  [55]
  [56]
  [55]]

 [[17]
  [29]
  [43]
  ...
  [55]
  [56]
  [55]]]",monica,2.0
61,"[[[ 3]
  [10]
  [ 2]
  ...
  [ 6]
  [ 9]
  [ 5]]

 [[ 5]
  [ 5]
  [ 2]
  ...
  [ 6]
  [ 5]
  [ 5]]

 [[ 3]
  [ 3]
  [ 4]
  ...
  [ 7]
  [ 5]
  [ 4]]

 ...

 [[ 2]
  [ 0]
  [ 4]
  ...
  [41]
  [41]
  [38]]

 [[ 6]
  [ 7]
  [ 2]
  ...
  [38]
  [39]
  [34]]

 [[ 4]
  [ 3]
  [ 6]
  ...
  [39]
  [35]
  [30]]]",monica,2.0
62,"[[[12]
  [11]
  [10]
  ...
  [ 1]
  [ 1]
  [ 1]]

 [[12]
  [12]
  [11]
  ...
  [ 0]
  [ 0]
  [ 0]]

 [[13]
  [13]
  [14]
  ...
  [ 0]
  [ 0]
  [ 0]]

 ...

 [[15]
  [21]
  [12]
  ...
  [33]
  [49]
  [58]]

 [[23]
  [15]
  [16]
  ...
  [95]
  [43]
  [45]]

 [[28]
  [15]
  [16]
  ...
  [83]
  [82]
  [17]]]",monica,2.0
63,"[[[ 12]
  [ 13]
  [ 13]
  ...
  [  6]
  [  7]
  [  6]]

 [[ 13]
  [ 14]
  [ 10]
  ...
  [  4]
  [  7]
  [  8]]

 [[ 12]
  [ 11]
  [ 12]
  ...
  [  4]
  [  7]
  [  9]]

 ...

 [[ 32]
  [ 31]
  [ 32]
  ...
  [112]
  [110]
  [109]]

 [[ 32]
  [ 30]
  [ 31]
  ...
  [115]
  [115]
  [111]]

 [[ 31]
  [ 32]
  [ 31]
  ...
  [116]
  [117]
  [113]]]",monica,2.0
64,"[[[25]
  [30]
  [35]
  ...
  [ 8]
  [ 5]
  [ 5]]

 [[27]
  [31]
  [38]
  ...
  [ 8]
  [ 6]
  [ 4]]

 [[36]
  [38]
  [44]
  ...
  [ 9]
  [ 7]
  [ 5]]

 ...

 [[ 3]
  [ 4]
  [ 5]
  ...
  [ 4]
  [ 5]
  [ 6]]

 [[ 3]
  [ 4]
  [ 3]
  ...
  [ 5]
  [ 6]
  [ 5]]

 [[ 3]
  [ 4]
  [ 4]
  ...
  [ 6]
  [ 6]
  [ 5]]]",monica,2.0
65,"[[[27]
  [35]
  [39]
  ...
  [42]
  [26]
  [23]]

 [[30]
  [32]
  [35]
  ...
  [32]
  [24]
  [19]]

 [[40]
  [38]
  [34]
  ...
  [22]
  [32]
  [21]]

 ...

 [[30]
  [28]
  [28]
  ...
  [16]
  [16]
  [17]]

 [[32]
  [29]
  [34]
  ...
  [18]
  [16]
  [18]]

 [[28]
  [28]
  [30]
  ...
  [19]
  [16]
  [18]]]",monica,2.0
66,"[[[  1]
  [  1]
  [  0]
  ...
  [ 37]
  [ 19]
  [  6]]

 [[  2]
  [  1]
  [  0]
  ...
  [ 49]
  [ 25]
  [  8]]

 [[  2]
  [  1]
  [  1]
  ...
  [ 74]
  [ 36]
  [ 12]]

 ...

 [[ 38]
  [ 30]
  [ 24]
  ...
  [131]
  [144]
  [153]]

 [[ 36]
  [ 46]
  [ 38]
  ...
  [152]
  [158]
  [161]]

 [[ 46]
  [ 36]
  [ 43]
  ...
  [158]
  [163]
  [164]]]",monica,2.0
67,"[[[5]
  [3]
  [3]
  ...
  [4]
  [4]
  [4]]

 [[5]
  [3]
  [3]
  ...
  [4]
  [4]
  [4]]

 [[4]
  [3]
  [4]
  ...
  [3]
  [4]
  [4]]

 ...

 [[5]
  [5]
  [5]
  ...
  [3]
  [3]
  [3]]

 [[5]
  [5]
  [5]
  ...
  [4]
  [3]
  [4]]

 [[5]
  [5]
  [5]
  ...
  [5]
  [4]
  [4]]]",monica,2.0
68,"[[[ 39]
  [ 37]
  [ 34]
  ...
  [131]
  [120]
  [112]]

 [[ 38]
  [ 36]
  [ 31]
  ...
  [136]
  [127]
  [120]]

 [[ 37]
  [ 34]
  [ 29]
  ...
  [139]
  [132]
  [126]]

 ...

 [[ 43]
  [ 36]
  [ 30]
  ...
  [ 62]
  [ 54]
  [ 45]]

 [[ 56]
  [ 50]
  [ 43]
  ...
  [ 63]
  [ 54]
  [ 45]]

 [[ 63]
  [ 63]
  [ 59]
  ...
  [ 63]
  [ 55]
  [ 46]]]",monica,2.0
69,"[[[132]
  [136]
  [128]
  ...
  [  7]
  [  9]
  [  7]]

 [[139]
  [140]
  [132]
  ...
  [  9]
  [ 10]
  [ 18]]

 [[137]
  [138]
  [129]
  ...
  [ 17]
  [ 17]
  [ 11]]

 ...

 [[121]
  [119]
  [108]
  ...
  [ 51]
  [ 47]
  [ 42]]

 [[122]
  [118]
  [106]
  ...
  [ 51]
  [ 49]
  [ 48]]

 [[115]
  [106]
  [ 94]
  ...
  [ 44]
  [ 50]
  [ 41]]]",monica,2.0
70,"[[[3]
  [4]
  [3]
  ...
  [1]
  [0]
  [0]]

 [[3]
  [4]
  [4]
  ...
  [1]
  [1]
  [1]]

 [[1]
  [3]
  [2]
  ...
  [2]
  [1]
  [1]]

 ...

 [[1]
  [1]
  [1]
  ...
  [4]
  [3]
  [2]]

 [[1]
  [1]
  [1]
  ...
  [4]
  [4]
  [2]]

 [[0]
  [1]
  [1]
  ...
  [1]
  [1]
  [2]]]",monica,2.0
71,"[[[28]
  [25]
  [23]
  ...
  [59]
  [51]
  [43]]

 [[27]
  [25]
  [24]
  ...
  [65]
  [58]
  [49]]

 [[26]
  [24]
  [23]
  ...
  [71]
  [63]
  [54]]

 ...

 [[15]
  [12]
  [ 9]
  ...
  [68]
  [75]
  [83]]

 [[15]
  [12]
  [ 9]
  ...
  [67]
  [75]
  [84]]

 [[15]
  [12]
  [ 9]
  ...
  [66]
  [74]
  [82]]]",monica,2.0
72,"[[[19]
  [ 8]
  [ 8]
  ...
  [19]
  [19]
  [16]]

 [[16]
  [ 8]
  [ 8]
  ...
  [16]
  [17]
  [15]]

 [[12]
  [ 7]
  [ 7]
  ...
  [14]
  [15]
  [15]]

 ...

 [[32]
  [22]
  [16]
  ...
  [33]
  [34]
  [34]]

 [[32]
  [23]
  [17]
  ...
  [35]
  [35]
  [37]]

 [[32]
  [25]
  [18]
  ...
  [37]
  [36]
  [39]]]",monica,2.0
73,"[[[174]
  [180]
  [185]
  ...
  [ 94]
  [ 28]
  [ 13]]

 [[177]
  [173]
  [185]
  ...
  [142]
  [102]
  [ 38]]

 [[165]
  [169]
  [182]
  ...
  [164]
  [153]
  [ 97]]

 ...

 [[187]
  [185]
  [182]
  ...
  [155]
  [156]
  [156]]

 [[185]
  [184]
  [187]
  ...
  [151]
  [155]
  [156]]

 [[185]
  [181]
  [183]
  ...
  [149]
  [146]
  [153]]]",monica,2.0
74,"[[[13]
  [16]
  [16]
  ...
  [10]
  [16]
  [17]]

 [[13]
  [17]
  [18]
  ...
  [ 7]
  [11]
  [14]]

 [[13]
  [17]
  [18]
  ...
  [ 5]
  [ 7]
  [12]]

 ...

 [[21]
  [28]
  [21]
  ...
  [ 4]
  [ 4]
  [ 4]]

 [[34]
  [24]
  [16]
  ...
  [ 5]
  [ 5]
  [ 5]]

 [[33]
  [19]
  [13]
  ...
  [ 3]
  [ 4]
  [ 4]]]",monica,2.0
75,"[[[19]
  [24]
  [21]
  ...
  [64]
  [50]
  [33]]

 [[22]
  [22]
  [17]
  ...
  [65]
  [54]
  [38]]

 [[23]
  [20]
  [13]
  ...
  [68]
  [57]
  [43]]

 ...

 [[10]
  [10]
  [10]
  ...
  [10]
  [10]
  [10]]

 [[10]
  [10]
  [10]
  ...
  [10]
  [10]
  [11]]

 [[10]
  [10]
  [10]
  ...
  [10]
  [11]
  [11]]]",monica,2.0
76,"[[[25]
  [26]
  [25]
  ...
  [25]
  [30]
  [33]]

 [[25]
  [25]
  [25]
  ...
  [24]
  [28]
  [31]]

 [[26]
  [26]
  [26]
  ...
  [24]
  [27]
  [30]]

 ...

 [[34]
  [34]
  [36]
  ...
  [61]
  [65]
  [67]]

 [[33]
  [34]
  [35]
  ...
  [61]
  [63]
  [66]]

 [[34]
  [35]
  [36]
  ...
  [60]
  [66]
  [72]]]",monica,2.0
77,"[[[26]
  [26]
  [25]
  ...
  [90]
  [86]
  [86]]

 [[25]
  [25]
  [25]
  ...
  [90]
  [87]
  [86]]

 [[19]
  [19]
  [19]
  ...
  [93]
  [89]
  [89]]

 ...

 [[52]
  [52]
  [49]
  ...
  [86]
  [88]
  [88]]

 [[54]
  [53]
  [49]
  ...
  [88]
  [90]
  [90]]

 [[54]
  [53]
  [49]
  ...
  [88]
  [90]
  [90]]]",monica,2.0
78,"[[[ 2]
  [ 2]
  [ 2]
  ...
  [ 8]
  [ 9]
  [ 9]]

 [[ 1]
  [ 1]
  [ 1]
  ...
  [ 6]
  [ 7]
  [ 8]]

 [[ 1]
  [ 1]
  [ 1]
  ...
  [ 5]
  [ 5]
  [ 7]]

 ...

 [[19]
  [23]
  [26]
  ...
  [12]
  [11]
  [13]]

 [[19]
  [23]
  [27]
  ...
  [12]
  [11]
  [13]]

 [[18]
  [23]
  [27]
  ...
  [12]
  [11]
  [13]]]",monica,2.0
79,"[[[35]
  [35]
  [34]
  ...
  [ 4]
  [ 3]
  [ 2]]

 [[35]
  [35]
  [34]
  ...
  [ 6]
  [ 4]
  [ 3]]

 [[34]
  [33]
  [33]
  ...
  [ 9]
  [ 6]
  [ 3]]

 ...

 [[18]
  [19]
  [18]
  ...
  [92]
  [93]
  [92]]

 [[18]
  [20]
  [21]
  ...
  [91]
  [90]
  [89]]

 [[17]
  [19]
  [21]
  ...
  [90]
  [90]
  [87]]]",monica,2.0
80,"[[[ 31]
  [ 29]
  [ 31]
  ...
  [110]
  [104]
  [ 98]]

 [[ 32]
  [ 32]
  [ 34]
  ...
  [113]
  [109]
  [105]]

 [[ 33]
  [ 35]
  [ 38]
  ...
  [117]
  [112]
  [109]]

 ...

 [[ 15]
  [ 15]
  [ 15]
  ...
  [  8]
  [  7]
  [  5]]

 [[ 15]
  [ 16]
  [ 16]
  ...
  [ 11]
  [  8]
  [  7]]

 [[ 14]
  [ 15]
  [ 16]
  ...
  [ 12]
  [  8]
  [  7]]]",monica,2.0
81,"[[[34]
  [30]
  [18]
  ...
  [ 7]
  [12]
  [ 6]]

 [[45]
  [23]
  [28]
  ...
  [ 8]
  [10]
  [ 9]]

 [[36]
  [31]
  [23]
  ...
  [ 9]
  [ 9]
  [ 8]]

 ...

 [[51]
  [69]
  [31]
  ...
  [ 4]
  [ 3]
  [ 1]]

 [[57]
  [60]
  [26]
  ...
  [ 5]
  [ 5]
  [ 5]]

 [[59]
  [44]
  [48]
  ...
  [ 3]
  [ 4]
  [ 3]]]",monica,2.0
82,"[[[35]
  [37]
  [42]
  ...
  [41]
  [39]
  [58]]

 [[35]
  [37]
  [39]
  ...
  [41]
  [38]
  [50]]

 [[36]
  [40]
  [41]
  ...
  [42]
  [40]
  [44]]

 ...

 [[36]
  [39]
  [38]
  ...
  [32]
  [34]
  [31]]

 [[36]
  [37]
  [39]
  ...
  [33]
  [34]
  [34]]

 [[36]
  [36]
  [36]
  ...
  [34]
  [34]
  [34]]]",monica,2.0
83,"[[[  2]
  [  2]
  [  1]
  ...
  [ 70]
  [ 61]
  [ 60]]

 [[  2]
  [  2]
  [  1]
  ...
  [ 70]
  [ 61]
  [ 60]]

 [[  1]
  [  1]
  [  1]
  ...
  [ 75]
  [ 66]
  [ 65]]

 ...

 [[ 49]
  [ 49]
  [ 44]
  ...
  [ 98]
  [ 99]
  [ 98]]

 [[ 48]
  [ 48]
  [ 43]
  ...
  [ 99]
  [100]
  [100]]

 [[ 48]
  [ 47]
  [ 43]
  ...
  [100]
  [100]
  [100]]]",monica,2.0
84,"[[[74]
  [51]
  [21]
  ...
  [47]
  [38]
  [30]]

 [[64]
  [36]
  [18]
  ...
  [49]
  [40]
  [31]]

 [[55]
  [25]
  [10]
  ...
  [49]
  [42]
  [32]]

 ...

 [[16]
  [22]
  [28]
  ...
  [47]
  [47]
  [45]]

 [[19]
  [24]
  [27]
  ...
  [47]
  [47]
  [45]]

 [[21]
  [25]
  [29]
  ...
  [47]
  [48]
  [46]]]",monica,2.0
85,"[[[15]
  [15]
  [12]
  ...
  [38]
  [54]
  [56]]

 [[15]
  [15]
  [12]
  ...
  [38]
  [53]
  [55]]

 [[15]
  [15]
  [12]
  ...
  [33]
  [47]
  [49]]

 ...

 [[24]
  [24]
  [24]
  ...
  [80]
  [88]
  [89]]

 [[24]
  [24]
  [24]
  ...
  [80]
  [88]
  [90]]

 [[24]
  [24]
  [24]
  ...
  [80]
  [89]
  [90]]]",monica,2.0
86,"[[[ 14]
  [ 14]
  [ 16]
  ...
  [ 47]
  [ 53]
  [ 47]]

 [[ 11]
  [ 11]
  [ 13]
  ...
  [ 44]
  [ 51]
  [ 48]]

 [[ 13]
  [ 11]
  [ 12]
  ...
  [ 38]
  [ 43]
  [ 45]]

 ...

 [[ 11]
  [ 20]
  [ 36]
  ...
  [101]
  [104]
  [110]]

 [[ 10]
  [ 13]
  [ 30]
  ...
  [112]
  [109]
  [108]]

 [[ 11]
  [ 12]
  [ 25]
  ...
  [110]
  [107]
  [109]]]",monica,2.0
87,"[[[30]
  [40]
  [56]
  ...
  [22]
  [23]
  [23]]

 [[29]
  [40]
  [56]
  ...
  [22]
  [23]
  [23]]

 [[27]
  [39]
  [56]
  ...
  [22]
  [22]
  [23]]

 ...

 [[11]
  [11]
  [12]
  ...
  [15]
  [14]
  [14]]

 [[12]
  [12]
  [12]
  ...
  [14]
  [13]
  [13]]

 [[13]
  [13]
  [12]
  ...
  [13]
  [13]
  [13]]]",monica,2.0
88,"[[[12]
  [18]
  [18]
  ...
  [10]
  [ 9]
  [ 7]]

 [[10]
  [14]
  [15]
  ...
  [ 9]
  [ 7]
  [ 6]]

 [[31]
  [34]
  [32]
  ...
  [ 9]
  [ 6]
  [ 5]]

 ...

 [[ 5]
  [ 5]
  [ 4]
  ...
  [ 2]
  [ 3]
  [ 3]]

 [[ 6]
  [ 5]
  [ 5]
  ...
  [ 3]
  [ 3]
  [ 4]]

 [[ 6]
  [ 6]
  [ 4]
  ...
  [ 4]
  [ 2]
  [ 4]]]",monica,2.0
89,"[[[14]
  [15]
  [21]
  ...
  [19]
  [ 7]
  [ 6]]

 [[ 8]
  [ 8]
  [27]
  ...
  [26]
  [11]
  [10]]

 [[22]
  [35]
  [43]
  ...
  [50]
  [25]
  [12]]

 ...

 [[ 4]
  [ 4]
  [ 3]
  ...
  [12]
  [10]
  [11]]

 [[ 4]
  [ 3]
  [ 5]
  ...
  [30]
  [26]
  [10]]

 [[ 5]
  [ 5]
  [10]
  ...
  [31]
  [30]
  [18]]]",monica,2.0
90,"[[[  6]
  [  6]
  [ 13]
  ...
  [ 41]
  [ 52]
  [ 42]]

 [[  8]
  [  9]
  [ 13]
  ...
  [ 61]
  [ 58]
  [ 63]]

 [[ 12]
  [ 20]
  [ 14]
  ...
  [ 52]
  [ 58]
  [ 77]]

 ...

 [[ 56]
  [ 56]
  [ 56]
  ...
  [145]
  [143]
  [147]]

 [[ 56]
  [ 56]
  [ 56]
  ...
  [146]
  [147]
  [150]]

 [[ 56]
  [ 56]
  [ 56]
  ...
  [149]
  [148]
  [151]]]",ross,3.0
91,"[[[49]
  [46]
  [30]
  ...
  [38]
  [56]
  [71]]

 [[46]
  [42]
  [29]
  ...
  [35]
  [53]
  [70]]

 [[40]
  [36]
  [28]
  ...
  [32]
  [51]
  [70]]

 ...

 [[82]
  [86]
  [87]
  ...
  [81]
  [81]
  [81]]

 [[86]
  [91]
  [79]
  ...
  [80]
  [80]
  [80]]

 [[90]
  [89]
  [72]
  ...
  [80]
  [80]
  [80]]]",ross,3.0
92,"[[[ 94]
  [ 95]
  [ 95]
  ...
  [ 10]
  [ 11]
  [ 11]]

 [[ 94]
  [ 94]
  [ 95]
  ...
  [ 11]
  [ 11]
  [ 11]]

 [[ 94]
  [ 94]
  [ 95]
  ...
  [ 11]
  [ 11]
  [ 11]]

 ...

 [[ 38]
  [ 35]
  [ 34]
  ...
  [153]
  [164]
  [159]]

 [[ 35]
  [ 34]
  [ 33]
  ...
  [152]
  [165]
  [150]]

 [[ 33]
  [ 33]
  [ 33]
  ...
  [153]
  [166]
  [141]]]",ross,3.0
93,"[[[ 7]
  [ 7]
  [ 6]
  ...
  [ 5]
  [ 5]
  [ 6]]

 [[ 6]
  [ 7]
  [ 6]
  ...
  [ 5]
  [ 5]
  [ 6]]

 [[ 6]
  [ 7]
  [ 6]
  ...
  [ 5]
  [ 5]
  [ 6]]

 ...

 [[78]
  [82]
  [80]
  ...
  [21]
  [12]
  [14]]

 [[77]
  [81]
  [80]
  ...
  [19]
  [11]
  [17]]

 [[76]
  [80]
  [80]
  ...
  [18]
  [15]
  [21]]]",ross,3.0
94,"[[[165]
  [167]
  [167]
  ...
  [ 27]
  [ 45]
  [ 23]]

 [[169]
  [165]
  [136]
  ...
  [ 41]
  [ 53]
  [ 30]]

 [[165]
  [150]
  [110]
  ...
  [ 54]
  [ 69]
  [ 29]]

 ...

 [[156]
  [156]
  [156]
  ...
  [160]
  [157]
  [154]]

 [[156]
  [157]
  [156]
  ...
  [161]
  [158]
  [153]]

 [[156]
  [156]
  [156]
  ...
  [160]
  [157]
  [152]]]",ross,3.0
95,"[[[140]
  [ 96]
  [ 55]
  ...
  [  0]
  [  1]
  [  1]]

 [[154]
  [ 92]
  [ 44]
  ...
  [  0]
  [  1]
  [  1]]

 [[179]
  [110]
  [ 50]
  ...
  [  0]
  [  1]
  [  2]]

 ...

 [[123]
  [ 93]
  [154]
  ...
  [248]
  [249]
  [250]]

 [[150]
  [ 89]
  [ 89]
  ...
  [246]
  [249]
  [252]]

 [[161]
  [ 82]
  [ 21]
  ...
  [247]
  [250]
  [252]]]",ross,3.0
96,"[[[ 58]
  [ 44]
  [ 32]
  ...
  [  5]
  [  1]
  [  0]]

 [[ 76]
  [ 55]
  [ 39]
  ...
  [ 16]
  [  1]
  [  1]]

 [[112]
  [ 94]
  [ 66]
  ...
  [ 23]
  [  8]
  [  2]]

 ...

 [[117]
  [ 90]
  [ 75]
  ...
  [176]
  [138]
  [ 91]]

 [[116]
  [ 89]
  [ 74]
  ...
  [174]
  [133]
  [ 86]]

 [[114]
  [ 88]
  [ 75]
  ...
  [171]
  [131]
  [ 84]]]",ross,3.0
97,"[[[53]
  [55]
  [55]
  ...
  [34]
  [32]
  [30]]

 [[53]
  [55]
  [56]
  ...
  [24]
  [26]
  [26]]

 [[53]
  [55]
  [57]
  ...
  [20]
  [23]
  [26]]

 ...

 [[67]
  [70]
  [71]
  ...
  [87]
  [88]
  [89]]

 [[68]
  [70]
  [71]
  ...
  [85]
  [86]
  [87]]

 [[69]
  [71]
  [72]
  ...
  [86]
  [86]
  [87]]]",ross,3.0
98,"[[[61]
  [62]
  [60]
  ...
  [ 8]
  [ 4]
  [ 3]]

 [[62]
  [61]
  [61]
  ...
  [ 7]
  [ 4]
  [ 3]]

 [[62]
  [61]
  [60]
  ...
  [ 6]
  [ 4]
  [ 3]]

 ...

 [[10]
  [13]
  [16]
  ...
  [79]
  [79]
  [80]]

 [[ 9]
  [12]
  [15]
  ...
  [79]
  [79]
  [81]]

 [[10]
  [13]
  [15]
  ...
  [79]
  [80]
  [81]]]",ross,3.0
99,"[[[ 54]
  [ 53]
  [ 42]
  ...
  [ 98]
  [169]
  [174]]

 [[ 54]
  [ 51]
  [ 41]
  ...
  [ 87]
  [161]
  [176]]

 [[ 51]
  [ 44]
  [ 37]
  ...
  [ 62]
  [172]
  [175]]

 ...

 [[158]
  [155]
  [154]
  ...
  [133]
  [133]
  [135]]

 [[158]
  [156]
  [129]
  ...
  [132]
  [132]
  [134]]

 [[156]
  [152]
  [ 86]
  ...
  [131]
  [132]
  [133]]]",ross,3.0
100,"[[[ 37]
  [ 34]
  [ 30]
  ...
  [ 21]
  [ 21]
  [ 21]]

 [[ 39]
  [ 32]
  [ 28]
  ...
  [ 27]
  [ 19]
  [ 13]]

 [[ 39]
  [ 31]
  [ 29]
  ...
  [ 51]
  [ 39]
  [ 30]]

 ...

 [[ 76]
  [ 73]
  [ 62]
  ...
  [ 87]
  [ 95]
  [103]]

 [[ 76]
  [ 73]
  [ 69]
  ...
  [ 88]
  [101]
  [108]]

 [[ 77]
  [ 75]
  [ 70]
  ...
  [ 87]
  [ 97]
  [104]]]",ross,3.0
101,"[[[20]
  [22]
  [26]
  ...
  [24]
  [24]
  [24]]

 [[20]
  [23]
  [26]
  ...
  [24]
  [24]
  [24]]

 [[21]
  [24]
  [26]
  ...
  [26]
  [26]
  [26]]

 ...

 [[54]
  [52]
  [53]
  ...
  [63]
  [52]
  [47]]

 [[52]
  [51]
  [52]
  ...
  [62]
  [51]
  [46]]

 [[52]
  [51]
  [51]
  ...
  [61]
  [49]
  [47]]]",ross,3.0
102,"[[[ 5]
  [ 5]
  [ 6]
  ...
  [28]
  [28]
  [28]]

 [[ 5]
  [ 6]
  [ 7]
  ...
  [31]
  [31]
  [32]]

 [[ 6]
  [ 6]
  [ 7]
  ...
  [37]
  [39]
  [39]]

 ...

 [[ 8]
  [14]
  [25]
  ...
  [ 3]
  [ 2]
  [ 2]]

 [[ 4]
  [ 8]
  [16]
  ...
  [ 3]
  [ 2]
  [ 2]]

 [[ 2]
  [ 5]
  [11]
  ...
  [ 3]
  [ 2]
  [ 2]]]",ross,3.0
103,"[[[ 20]
  [ 15]
  [ 15]
  ...
  [ 32]
  [ 33]
  [ 34]]

 [[ 14]
  [ 19]
  [ 18]
  ...
  [ 31]
  [ 34]
  [ 36]]

 [[ 19]
  [ 23]
  [ 21]
  ...
  [ 31]
  [ 34]
  [ 36]]

 ...

 [[ 45]
  [100]
  [ 98]
  ...
  [ 50]
  [ 50]
  [ 51]]

 [[ 46]
  [ 99]
  [ 96]
  ...
  [ 51]
  [ 51]
  [ 53]]

 [[ 44]
  [ 96]
  [ 93]
  ...
  [ 52]
  [ 53]
  [ 53]]]",ross,3.0
104,"[[[ 12]
  [ 12]
  [ 10]
  ...
  [113]
  [115]
  [117]]

 [[ 12]
  [ 11]
  [ 11]
  ...
  [113]
  [116]
  [117]]

 [[ 11]
  [ 11]
  [ 11]
  ...
  [114]
  [116]
  [118]]

 ...

 [[176]
  [169]
  [160]
  ...
  [155]
  [154]
  [154]]

 [[183]
  [174]
  [164]
  ...
  [154]
  [154]
  [154]]

 [[185]
  [180]
  [171]
  ...
  [154]
  [153]
  [152]]]",ross,3.0
105,"[[[  7]
  [  8]
  [  7]
  ...
  [ 23]
  [ 33]
  [ 30]]

 [[  8]
  [  6]
  [  8]
  ...
  [ 40]
  [ 35]
  [ 29]]

 [[  9]
  [  9]
  [ 10]
  ...
  [ 51]
  [ 43]
  [ 34]]

 ...

 [[ 87]
  [ 87]
  [ 86]
  ...
  [167]
  [174]
  [177]]

 [[ 85]
  [ 91]
  [ 85]
  ...
  [169]
  [176]
  [175]]

 [[ 86]
  [ 91]
  [ 89]
  ...
  [175]
  [176]
  [181]]]",ross,3.0
106,"[[[ 12]
  [ 12]
  [ 10]
  ...
  [113]
  [115]
  [117]]

 [[ 12]
  [ 11]
  [ 11]
  ...
  [113]
  [116]
  [117]]

 [[ 11]
  [ 11]
  [ 11]
  ...
  [114]
  [116]
  [118]]

 ...

 [[176]
  [169]
  [160]
  ...
  [155]
  [154]
  [154]]

 [[183]
  [174]
  [164]
  ...
  [154]
  [154]
  [154]]

 [[185]
  [180]
  [171]
  ...
  [154]
  [153]
  [152]]]",ross,3.0
107,"[[[  7]
  [  8]
  [  7]
  ...
  [ 11]
  [  8]
  [  7]]

 [[  8]
  [  9]
  [  8]
  ...
  [ 10]
  [  8]
  [  7]]

 [[  8]
  [  8]
  [  8]
  ...
  [ 11]
  [  7]
  [  7]]

 ...

 [[140]
  [146]
  [138]
  ...
  [146]
  [114]
  [122]]

 [[136]
  [147]
  [137]
  ...
  [156]
  [112]
  [117]]

 [[137]
  [146]
  [134]
  ...
  [165]
  [124]
  [105]]]",ross,3.0
108,"[[[  6]
  [  5]
  [  5]
  ...
  [ 14]
  [ 21]
  [ 19]]

 [[  4]
  [  9]
  [ 20]
  ...
  [ 12]
  [ 13]
  [ 21]]

 [[ 19]
  [ 16]
  [  4]
  ...
  [ 15]
  [ 16]
  [ 17]]

 ...

 [[ 22]
  [ 17]
  [ 16]
  ...
  [104]
  [ 75]
  [ 86]]

 [[ 20]
  [ 17]
  [ 16]
  ...
  [ 94]
  [ 76]
  [ 87]]

 [[ 18]
  [ 16]
  [ 14]
  ...
  [ 81]
  [ 76]
  [ 85]]]",ross,3.0
109,"[[[77]
  [77]
  [77]
  ...
  [35]
  [37]
  [39]]

 [[77]
  [78]
  [78]
  ...
  [29]
  [31]
  [33]]

 [[77]
  [78]
  [78]
  ...
  [23]
  [26]
  [28]]

 ...

 [[73]
  [73]
  [73]
  ...
  [91]
  [69]
  [48]]

 [[74]
  [74]
  [74]
  ...
  [89]
  [64]
  [42]]

 [[74]
  [74]
  [73]
  ...
  [89]
  [64]
  [42]]]",ross,3.0
110,"[[[ 10]
  [ 11]
  [  6]
  ...
  [ 13]
  [ 26]
  [ 21]]

 [[ 18]
  [ 10]
  [  4]
  ...
  [ 16]
  [ 17]
  [ 13]]

 [[ 12]
  [  2]
  [  9]
  ...
  [ 11]
  [ 14]
  [ 33]]

 ...

 [[131]
  [133]
  [134]
  ...
  [ 31]
  [ 29]
  [ 34]]

 [[143]
  [130]
  [138]
  ...
  [ 27]
  [ 26]
  [ 22]]

 [[138]
  [135]
  [135]
  ...
  [ 22]
  [ 28]
  [ 27]]]",ross,3.0
111,"[[[ 31]
  [ 25]
  [ 25]
  ...
  [ 20]
  [ 20]
  [ 21]]

 [[ 38]
  [ 34]
  [ 29]
  ...
  [ 20]
  [ 21]
  [ 22]]

 [[ 34]
  [ 33]
  [ 31]
  ...
  [ 20]
  [ 22]
  [ 23]]

 ...

 [[127]
  [126]
  [122]
  ...
  [ 74]
  [ 73]
  [ 74]]

 [[127]
  [126]
  [122]
  ...
  [ 52]
  [ 51]
  [ 50]]

 [[127]
  [126]
  [122]
  ...
  [ 36]
  [ 35]
  [ 35]]]",ross,3.0
112,"[[[ 15]
  [ 17]
  [ 21]
  ...
  [  7]
  [  6]
  [  6]]

 [[ 15]
  [ 17]
  [ 21]
  ...
  [  7]
  [  6]
  [  6]]

 [[ 18]
  [ 21]
  [ 23]
  ...
  [  6]
  [  8]
  [  7]]

 ...

 [[152]
  [149]
  [145]
  ...
  [ 68]
  [ 62]
  [ 64]]

 [[142]
  [138]
  [129]
  ...
  [ 63]
  [ 58]
  [ 76]]

 [[122]
  [113]
  [105]
  ...
  [ 59]
  [ 74]
  [101]]]",ross,3.0
113,"[[[42]
  [40]
  [41]
  ...
  [58]
  [59]
  [62]]

 [[41]
  [40]
  [41]
  ...
  [50]
  [58]
  [62]]

 [[42]
  [42]
  [42]
  ...
  [61]
  [47]
  [64]]

 ...

 [[25]
  [26]
  [24]
  ...
  [77]
  [74]
  [76]]

 [[25]
  [25]
  [24]
  ...
  [77]
  [83]
  [86]]

 [[27]
  [25]
  [26]
  ...
  [80]
  [79]
  [67]]]",rachel,4.0
114,"[[[123]
  [123]
  [124]
  ...
  [ 10]
  [  9]
  [  9]]

 [[125]
  [125]
  [125]
  ...
  [  7]
  [  6]
  [  7]]

 [[129]
  [128]
  [127]
  ...
  [  3]
  [  3]
  [  3]]

 ...

 [[ 78]
  [ 74]
  [ 67]
  ...
  [ 97]
  [ 98]
  [ 98]]

 [[ 79]
  [ 74]
  [ 67]
  ...
  [ 96]
  [ 97]
  [ 97]]

 [[ 79]
  [ 75]
  [ 67]
  ...
  [ 96]
  [ 97]
  [ 97]]]",rachel,4.0
115,"[[[ 96]
  [ 93]
  [ 89]
  ...
  [ 98]
  [101]
  [112]]

 [[ 96]
  [ 99]
  [ 94]
  ...
  [100]
  [100]
  [106]]

 [[ 96]
  [110]
  [105]
  ...
  [ 93]
  [ 96]
  [103]]

 ...

 [[ 57]
  [ 33]
  [ 31]
  ...
  [ 20]
  [ 20]
  [ 21]]

 [[ 63]
  [ 37]
  [ 33]
  ...
  [ 20]
  [ 21]
  [ 21]]

 [[ 66]
  [ 39]
  [ 34]
  ...
  [ 21]
  [ 21]
  [ 21]]]",rachel,4.0
116,"[[[ 68]
  [152]
  [178]
  ...
  [140]
  [156]
  [165]]

 [[ 94]
  [144]
  [149]
  ...
  [ 62]
  [ 78]
  [100]]

 [[131]
  [153]
  [145]
  ...
  [ 69]
  [ 69]
  [ 88]]

 ...

 [[180]
  [176]
  [175]
  ...
  [116]
  [108]
  [ 87]]

 [[178]
  [178]
  [176]
  ...
  [ 75]
  [ 70]
  [ 68]]

 [[181]
  [180]
  [179]
  ...
  [ 76]
  [ 68]
  [ 67]]]",rachel,4.0
117,"[[[103]
  [115]
  [105]
  ...
  [105]
  [102]
  [ 93]]

 [[111]
  [120]
  [102]
  ...
  [102]
  [106]
  [ 94]]

 [[117]
  [118]
  [ 95]
  ...
  [ 99]
  [106]
  [ 97]]

 ...

 [[ 91]
  [100]
  [ 84]
  ...
  [ 96]
  [104]
  [114]]

 [[ 86]
  [102]
  [ 92]
  ...
  [102]
  [110]
  [115]]

 [[ 79]
  [103]
  [104]
  ...
  [104]
  [117]
  [119]]]",rachel,4.0
118,"[[[211]
  [202]
  [184]
  ...
  [186]
  [162]
  [150]]

 [[209]
  [200]
  [183]
  ...
  [181]
  [171]
  [166]]

 [[204]
  [197]
  [182]
  ...
  [171]
  [187]
  [195]]

 ...

 [[152]
  [160]
  [177]
  ...
  [ 71]
  [ 58]
  [ 51]]

 [[156]
  [163]
  [178]
  ...
  [ 68]
  [ 59]
  [ 53]]

 [[159]
  [165]
  [178]
  ...
  [ 67]
  [ 59]
  [ 55]]]",rachel,4.0
119,"[[[  3]
  [  5]
  [  7]
  ...
  [ 99]
  [115]
  [117]]

 [[  4]
  [  8]
  [  8]
  ...
  [ 91]
  [104]
  [112]]

 [[  5]
  [  9]
  [  8]
  ...
  [ 80]
  [ 91]
  [104]]

 ...

 [[ 17]
  [ 18]
  [ 20]
  ...
  [232]
  [233]
  [238]]

 [[ 22]
  [ 23]
  [ 25]
  ...
  [235]
  [232]
  [231]]

 [[ 25]
  [ 25]
  [ 26]
  ...
  [238]
  [227]
  [224]]]",rachel,4.0
120,"[[[152]
  [127]
  [ 62]
  ...
  [ 21]
  [ 14]
  [ 13]]

 [[130]
  [ 86]
  [ 69]
  ...
  [ 43]
  [ 17]
  [ 11]]

 [[ 99]
  [ 72]
  [ 72]
  ...
  [ 59]
  [ 14]
  [ 15]]

 ...

 [[122]
  [106]
  [113]
  ...
  [ 64]
  [ 80]
  [111]]

 [[127]
  [ 98]
  [110]
  ...
  [101]
  [112]
  [121]]

 [[132]
  [109]
  [112]
  ...
  [102]
  [122]
  [112]]]",rachel,4.0
121,"[[[132]
  [138]
  [132]
  ...
  [ 94]
  [ 93]
  [ 91]]

 [[132]
  [134]
  [130]
  ...
  [ 95]
  [ 94]
  [ 91]]

 [[130]
  [132]
  [129]
  ...
  [ 98]
  [ 95]
  [ 93]]

 ...

 [[ 73]
  [ 82]
  [ 92]
  ...
  [ 51]
  [ 53]
  [ 56]]

 [[ 73]
  [ 82]
  [ 89]
  ...
  [ 51]
  [ 53]
  [ 56]]

 [[ 73]
  [ 82]
  [ 86]
  ...
  [ 52]
  [ 53]
  [ 56]]]",rachel,4.0
122,"[[[ 95]
  [156]
  [132]
  ...
  [107]
  [115]
  [110]]

 [[113]
  [152]
  [135]
  ...
  [100]
  [110]
  [108]]

 [[119]
  [129]
  [167]
  ...
  [102]
  [105]
  [106]]

 ...

 [[112]
  [124]
  [128]
  ...
  [ 49]
  [ 50]
  [ 50]]

 [[ 96]
  [101]
  [128]
  ...
  [ 48]
  [ 50]
  [ 51]]

 [[ 86]
  [ 99]
  [124]
  ...
  [ 50]
  [ 50]
  [ 52]]]",rachel,4.0
123,"[[[255]
  [255]
  [255]
  ...
  [181]
  [173]
  [186]]

 [[255]
  [255]
  [255]
  ...
  [177]
  [163]
  [172]]

 [[252]
  [253]
  [254]
  ...
  [187]
  [170]
  [167]]

 ...

 [[196]
  [175]
  [160]
  ...
  [ 58]
  [102]
  [166]]

 [[193]
  [177]
  [164]
  ...
  [ 57]
  [ 82]
  [126]]

 [[197]
  [181]
  [169]
  ...
  [ 54]
  [ 64]
  [ 90]]]",rachel,4.0
124,"[[[44]
  [70]
  [78]
  ...
  [11]
  [11]
  [ 8]]

 [[55]
  [77]
  [78]
  ...
  [10]
  [ 9]
  [11]]

 [[65]
  [79]
  [77]
  ...
  [10]
  [10]
  [11]]

 ...

 [[23]
  [24]
  [25]
  ...
  [ 2]
  [ 2]
  [ 2]]

 [[24]
  [25]
  [25]
  ...
  [ 2]
  [ 1]
  [ 2]]

 [[31]
  [31]
  [30]
  ...
  [ 3]
  [ 3]
  [ 3]]]",rachel,4.0
125,"[[[20]
  [27]
  [38]
  ...
  [81]
  [78]
  [72]]

 [[24]
  [30]
  [40]
  ...
  [80]
  [73]
  [67]]

 [[28]
  [29]
  [41]
  ...
  [76]
  [65]
  [60]]

 ...

 [[34]
  [32]
  [39]
  ...
  [52]
  [53]
  [55]]

 [[34]
  [32]
  [39]
  ...
  [55]
  [56]
  [56]]

 [[34]
  [32]
  [39]
  ...
  [57]
  [58]
  [57]]]",rachel,4.0
126,"[[[ 47]
  [ 61]
  [ 73]
  ...
  [ 80]
  [ 80]
  [ 81]]

 [[ 55]
  [ 67]
  [ 69]
  ...
  [ 81]
  [ 80]
  [ 81]]

 [[ 60]
  [ 74]
  [ 71]
  ...
  [ 81]
  [ 80]
  [ 82]]

 ...

 [[ 20]
  [  3]
  [  9]
  ...
  [ 57]
  [ 96]
  [148]]

 [[  5]
  [  4]
  [ 11]
  ...
  [ 53]
  [ 93]
  [145]]

 [[  7]
  [  3]
  [ 12]
  ...
  [ 43]
  [ 84]
  [134]]]",rachel,4.0
127,"[[[115]
  [121]
  [119]
  ...
  [139]
  [147]
  [157]]

 [[120]
  [123]
  [124]
  ...
  [150]
  [144]
  [153]]

 [[115]
  [115]
  [119]
  ...
  [158]
  [142]
  [146]]

 ...

 [[ 50]
  [ 67]
  [ 65]
  ...
  [104]
  [115]
  [112]]

 [[ 48]
  [ 66]
  [ 66]
  ...
  [100]
  [112]
  [112]]

 [[ 46]
  [ 62]
  [ 59]
  ...
  [ 97]
  [112]
  [110]]]",rachel,4.0
128,"[[[51]
  [46]
  [40]
  ...
  [20]
  [21]
  [22]]

 [[48]
  [44]
  [39]
  ...
  [20]
  [20]
  [20]]

 [[44]
  [42]
  [38]
  ...
  [19]
  [18]
  [18]]

 ...

 [[45]
  [46]
  [48]
  ...
  [54]
  [58]
  [60]]

 [[46]
  [46]
  [47]
  ...
  [56]
  [60]
  [62]]

 [[47]
  [46]
  [46]
  ...
  [58]
  [61]
  [64]]]",rachel,4.0
129,"[[[23]
  [23]
  [24]
  ...
  [52]
  [53]
  [58]]

 [[22]
  [22]
  [23]
  ...
  [53]
  [52]
  [57]]

 [[22]
  [22]
  [23]
  ...
  [55]
  [52]
  [56]]

 ...

 [[56]
  [47]
  [35]
  ...
  [48]
  [47]
  [42]]

 [[59]
  [47]
  [38]
  ...
  [50]
  [47]
  [41]]

 [[72]
  [50]
  [42]
  ...
  [50]
  [47]
  [39]]]",rachel,4.0
130,"[[[ 68]
  [ 65]
  [ 52]
  ...
  [ 72]
  [ 59]
  [ 55]]

 [[ 64]
  [ 60]
  [ 50]
  ...
  [ 71]
  [ 62]
  [ 56]]

 [[ 60]
  [ 58]
  [ 46]
  ...
  [ 70]
  [ 62]
  [ 56]]

 ...

 [[ 46]
  [ 40]
  [ 34]
  ...
  [ 34]
  [ 34]
  [ 32]]

 [[ 82]
  [ 82]
  [ 76]
  ...
  [ 33]
  [ 33]
  [ 31]]

 [[129]
  [133]
  [120]
  ...
  [ 34]
  [ 32]
  [ 30]]]",rachel,4.0
131,"[[[ 10]
  [  8]
  [  9]
  ...
  [215]
  [220]
  [213]]

 [[ 10]
  [ 14]
  [ 20]
  ...
  [178]
  [176]
  [176]]

 [[ 11]
  [ 16]
  [ 29]
  ...
  [151]
  [153]
  [161]]

 ...

 [[183]
  [180]
  [178]
  ...
  [102]
  [ 99]
  [ 98]]

 [[179]
  [179]
  [179]
  ...
  [ 65]
  [ 53]
  [ 53]]

 [[172]
  [177]
  [180]
  ...
  [ 37]
  [ 16]
  [ 12]]]",rachel,4.0
132,"[[[143]
  [118]
  [ 85]
  ...
  [100]
  [ 89]
  [ 81]]

 [[141]
  [116]
  [ 83]
  ...
  [ 96]
  [ 90]
  [ 84]]

 [[137]
  [113]
  [ 81]
  ...
  [ 90]
  [ 90]
  [ 89]]

 ...

 [[147]
  [132]
  [114]
  ...
  [157]
  [169]
  [177]]

 [[152]
  [139]
  [122]
  ...
  [157]
  [166]
  [172]]

 [[155]
  [145]
  [130]
  ...
  [157]
  [164]
  [168]]]",rachel,4.0
133,"[[[68]
  [59]
  [53]
  ...
  [88]
  [85]
  [93]]

 [[65]
  [57]
  [51]
  ...
  [84]
  [80]
  [88]]

 [[62]
  [55]
  [51]
  ...
  [80]
  [74]
  [82]]

 ...

 [[11]
  [11]
  [13]
  ...
  [12]
  [24]
  [34]]

 [[12]
  [10]
  [13]
  ...
  [12]
  [28]
  [35]]

 [[14]
  [11]
  [12]
  ...
  [13]
  [30]
  [35]]]",rachel,4.0
134,"[[[24]
  [31]
  [36]
  ...
  [15]
  [44]
  [90]]

 [[94]
  [18]
  [37]
  ...
  [10]
  [31]
  [43]]

 [[32]
  [38]
  [59]
  ...
  [ 8]
  [15]
  [53]]

 ...

 [[10]
  [12]
  [ 8]
  ...
  [ 5]
  [ 5]
  [ 5]]

 [[11]
  [11]
  [ 5]
  ...
  [ 5]
  [ 5]
  [ 5]]

 [[13]
  [12]
  [14]
  ...
  [ 7]
  [ 7]
  [ 5]]]",rachel,4.0
135,"[[[118]
  [116]
  [ 74]
  ...
  [100]
  [127]
  [ 95]]

 [[123]
  [ 97]
  [ 80]
  ...
  [102]
  [109]
  [115]]

 [[120]
  [ 76]
  [ 91]
  ...
  [101]
  [105]
  [120]]

 ...

 [[ 38]
  [ 52]
  [ 43]
  ...
  [ 61]
  [ 52]
  [ 59]]

 [[ 42]
  [ 51]
  [ 46]
  ...
  [ 59]
  [ 52]
  [ 61]]

 [[ 45]
  [ 49]
  [ 46]
  ...
  [ 57]
  [ 53]
  [ 62]]]",rachel,4.0
136,"[[[57]
  [47]
  [36]
  ...
  [56]
  [54]
  [51]]

 [[47]
  [42]
  [42]
  ...
  [51]
  [56]
  [59]]

 [[43]
  [40]
  [48]
  ...
  [40]
  [48]
  [55]]

 ...

 [[43]
  [44]
  [43]
  ...
  [68]
  [83]
  [90]]

 [[49]
  [51]
  [49]
  ...
  [79]
  [92]
  [83]]

 [[51]
  [50]
  [51]
  ...
  [82]
  [83]
  [76]]]",rachel,4.0
137,"[[[ 46]
  [ 51]
  [ 40]
  ...
  [107]
  [107]
  [103]]

 [[ 48]
  [ 53]
  [ 40]
  ...
  [100]
  [ 89]
  [ 81]]

 [[ 48]
  [ 49]
  [ 37]
  ...
  [ 83]
  [ 70]
  [ 58]]

 ...

 [[ 44]
  [ 41]
  [ 43]
  ...
  [ 81]
  [ 78]
  [ 66]]

 [[ 46]
  [ 44]
  [ 45]
  ...
  [ 83]
  [ 82]
  [ 69]]

 [[ 48]
  [ 46]
  [ 46]
  ...
  [ 84]
  [ 85]
  [ 73]]]",rachel,4.0
138,"[[[177]
  [172]
  [164]
  ...
  [197]
  [201]
  [192]]

 [[177]
  [173]
  [164]
  ...
  [158]
  [191]
  [188]]

 [[176]
  [173]
  [162]
  ...
  [154]
  [155]
  [142]]

 ...

 [[169]
  [163]
  [157]
  ...
  [ 78]
  [ 83]
  [ 89]]

 [[149]
  [140]
  [132]
  ...
  [ 85]
  [ 86]
  [ 90]]

 [[118]
  [108]
  [101]
  ...
  [ 85]
  [ 89]
  [ 92]]]",rachel,4.0
139,"[[[21]
  [29]
  [33]
  ...
  [37]
  [42]
  [46]]

 [[24]
  [37]
  [37]
  ...
  [32]
  [36]
  [39]]

 [[30]
  [45]
  [45]
  ...
  [35]
  [35]
  [35]]

 ...

 [[20]
  [29]
  [26]
  ...
  [77]
  [71]
  [69]]

 [[20]
  [28]
  [28]
  ...
  [78]
  [72]
  [72]]

 [[20]
  [27]
  [30]
  ...
  [76]
  [71]
  [68]]]",rachel,4.0
140,"[[[53]
  [58]
  [49]
  ...
  [88]
  [88]
  [87]]

 [[56]
  [58]
  [47]
  ...
  [90]
  [92]
  [89]]

 [[59]
  [60]
  [46]
  ...
  [93]
  [92]
  [89]]

 ...

 [[43]
  [41]
  [37]
  ...
  [46]
  [45]
  [52]]

 [[41]
  [41]
  [37]
  ...
  [47]
  [45]
  [51]]

 [[37]
  [41]
  [38]
  ...
  [47]
  [46]
  [49]]]",rachel,4.0
141,"[[[82]
  [86]
  [84]
  ...
  [90]
  [92]
  [93]]

 [[80]
  [84]
  [84]
  ...
  [90]
  [91]
  [92]]

 [[79]
  [82]
  [84]
  ...
  [90]
  [90]
  [90]]

 ...

 [[35]
  [37]
  [45]
  ...
  [49]
  [45]
  [46]]

 [[35]
  [35]
  [40]
  ...
  [45]
  [45]
  [46]]

 [[37]
  [35]
  [37]
  ...
  [42]
  [44]
  [46]]]",rachel,4.0
142,"[[[28]
  [27]
  [27]
  ...
  [29]
  [17]
  [10]]

 [[25]
  [26]
  [27]
  ...
  [32]
  [19]
  [11]]

 [[23]
  [24]
  [26]
  ...
  [34]
  [22]
  [13]]

 ...

 [[22]
  [23]
  [25]
  ...
  [46]
  [45]
  [44]]

 [[22]
  [23]
  [25]
  ...
  [45]
  [41]
  [39]]

 [[22]
  [23]
  [25]
  ...
  [45]
  [41]
  [37]]]",rachel,4.0
143,"[[[49]
  [49]
  [49]
  ...
  [34]
  [32]
  [29]]

 [[49]
  [49]
  [49]
  ...
  [35]
  [32]
  [29]]

 [[49]
  [49]
  [49]
  ...
  [36]
  [31]
  [29]]

 ...

 [[45]
  [45]
  [46]
  ...
  [71]
  [71]
  [72]]

 [[45]
  [45]
  [46]
  ...
  [68]
  [70]
  [72]]

 [[44]
  [45]
  [45]
  ...
  [68]
  [71]
  [73]]]",joey,5.0
144,"[[[165]
  [167]
  [168]
  ...
  [ 35]
  [ 37]
  [ 36]]

 [[164]
  [164]
  [166]
  ...
  [ 34]
  [ 37]
  [ 44]]

 [[163]
  [162]
  [160]
  ...
  [ 45]
  [ 36]
  [ 48]]

 ...

 [[209]
  [208]
  [211]
  ...
  [158]
  [157]
  [157]]

 [[207]
  [208]
  [208]
  ...
  [156]
  [161]
  [159]]

 [[207]
  [204]
  [205]
  ...
  [159]
  [164]
  [160]]]",joey,5.0
145,"[[[90]
  [90]
  [87]
  ...
  [40]
  [33]
  [27]]

 [[88]
  [89]
  [87]
  ...
  [41]
  [33]
  [27]]

 [[85]
  [88]
  [87]
  ...
  [41]
  [33]
  [27]]

 ...

 [[16]
  [17]
  [19]
  ...
  [22]
  [38]
  [64]]

 [[19]
  [17]
  [14]
  ...
  [20]
  [25]
  [30]]

 [[21]
  [20]
  [19]
  ...
  [18]
  [17]
  [24]]]",joey,5.0
146,"[[[10]
  [10]
  [10]
  ...
  [39]
  [28]
  [29]]

 [[10]
  [10]
  [10]
  ...
  [34]
  [22]
  [23]]

 [[11]
  [11]
  [11]
  ...
  [33]
  [23]
  [29]]

 ...

 [[69]
  [73]
  [78]
  ...
  [44]
  [41]
  [34]]

 [[74]
  [71]
  [78]
  ...
  [59]
  [56]
  [53]]

 [[79]
  [76]
  [81]
  ...
  [59]
  [59]
  [57]]]",joey,5.0
147,"[[[ 42]
  [ 32]
  [ 25]
  ...
  [ 10]
  [  8]
  [  7]]

 [[ 31]
  [ 27]
  [ 25]
  ...
  [ 10]
  [  8]
  [  8]]

 [[ 36]
  [ 31]
  [ 23]
  ...
  [ 11]
  [  9]
  [  8]]

 ...

 [[252]
  [252]
  [252]
  ...
  [ 52]
  [ 57]
  [ 60]]

 [[252]
  [252]
  [252]
  ...
  [ 63]
  [ 65]
  [ 64]]

 [[252]
  [252]
  [252]
  ...
  [ 74]
  [ 70]
  [ 69]]]",joey,5.0
148,"[[[ 52]
  [ 58]
  [ 68]
  ...
  [ 46]
  [ 36]
  [ 30]]

 [[ 44]
  [ 55]
  [ 64]
  ...
  [ 41]
  [ 35]
  [ 29]]

 [[ 45]
  [ 59]
  [ 64]
  ...
  [ 41]
  [ 39]
  [ 37]]

 ...

 [[125]
  [125]
  [125]
  ...
  [142]
  [ 99]
  [ 59]]

 [[125]
  [125]
  [125]
  ...
  [105]
  [ 62]
  [ 57]]

 [[125]
  [125]
  [125]
  ...
  [ 59]
  [ 55]
  [ 57]]]",joey,5.0
149,"[[[13]
  [15]
  [17]
  ...
  [31]
  [30]
  [29]]

 [[15]
  [13]
  [11]
  ...
  [29]
  [28]
  [27]]

 [[23]
  [20]
  [15]
  ...
  [27]
  [26]
  [25]]

 ...

 [[24]
  [23]
  [23]
  ...
  [41]
  [43]
  [41]]

 [[23]
  [23]
  [23]
  ...
  [42]
  [45]
  [41]]

 [[23]
  [23]
  [23]
  ...
  [42]
  [45]
  [41]]]",joey,5.0
150,"[[[ 28]
  [ 32]
  [ 36]
  ...
  [ 44]
  [ 57]
  [ 41]]

 [[ 35]
  [ 29]
  [ 35]
  ...
  [ 33]
  [ 53]
  [ 49]]

 [[ 33]
  [ 27]
  [ 35]
  ...
  [ 31]
  [ 41]
  [ 38]]

 ...

 [[ 36]
  [ 36]
  [ 36]
  ...
  [249]
  [251]
  [247]]

 [[ 35]
  [ 35]
  [ 35]
  ...
  [249]
  [251]
  [246]]

 [[ 34]
  [ 34]
  [ 35]
  ...
  [249]
  [251]
  [248]]]",joey,5.0
151,"[[[ 20]
  [ 22]
  [ 12]
  ...
  [ 11]
  [ 17]
  [ 18]]

 [[ 20]
  [ 19]
  [ 16]
  ...
  [ 12]
  [ 11]
  [ 16]]

 [[ 11]
  [ 14]
  [ 19]
  ...
  [ 15]
  [ 15]
  [ 16]]

 ...

 [[ 93]
  [ 86]
  [ 87]
  ...
  [246]
  [236]
  [228]]

 [[ 92]
  [ 87]
  [ 88]
  ...
  [248]
  [245]
  [235]]

 [[ 91]
  [ 91]
  [ 90]
  ...
  [244]
  [246]
  [240]]]",joey,5.0
152,"[[[16]
  [34]
  [35]
  ...
  [42]
  [39]
  [ 9]]

 [[29]
  [23]
  [41]
  ...
  [14]
  [10]
  [ 6]]

 [[13]
  [21]
  [55]
  ...
  [16]
  [ 7]
  [ 8]]

 ...

 [[56]
  [56]
  [61]
  ...
  [27]
  [23]
  [25]]

 [[58]
  [57]
  [59]
  ...
  [19]
  [19]
  [20]]

 [[56]
  [56]
  [52]
  ...
  [12]
  [ 7]
  [14]]]",joey,5.0
153,"[[[ 47]
  [ 40]
  [ 37]
  ...
  [ 16]
  [ 14]
  [ 10]]

 [[ 45]
  [ 38]
  [ 36]
  ...
  [ 14]
  [ 15]
  [ 12]]

 [[ 41]
  [ 38]
  [ 36]
  ...
  [ 11]
  [ 14]
  [ 11]]

 ...

 [[149]
  [148]
  [152]
  ...
  [ 62]
  [ 63]
  [ 65]]

 [[149]
  [150]
  [153]
  ...
  [ 61]
  [ 63]
  [ 64]]

 [[149]
  [152]
  [151]
  ...
  [ 60]
  [ 62]
  [ 63]]]",joey,5.0
154,"[[[ 15]
  [ 15]
  [ 16]
  ...
  [ 37]
  [ 35]
  [ 30]]

 [[ 14]
  [ 15]
  [ 16]
  ...
  [ 37]
  [ 35]
  [ 30]]

 [[ 14]
  [ 14]
  [ 16]
  ...
  [ 37]
  [ 34]
  [ 30]]

 ...

 [[188]
  [187]
  [184]
  ...
  [127]
  [126]
  [134]]

 [[191]
  [192]
  [186]
  ...
  [132]
  [133]
  [141]]

 [[192]
  [184]
  [163]
  ...
  [134]
  [136]
  [144]]]",joey,5.0
155,"[[[230]
  [231]
  [224]
  ...
  [211]
  [213]
  [214]]

 [[231]
  [229]
  [224]
  ...
  [214]
  [215]
  [213]]

 [[229]
  [226]
  [225]
  ...
  [216]
  [216]
  [213]]

 ...

 [[237]
  [238]
  [236]
  ...
  [151]
  [136]
  [125]]

 [[238]
  [239]
  [237]
  ...
  [141]
  [130]
  [113]]

 [[237]
  [239]
  [237]
  ...
  [131]
  [117]
  [104]]]",joey,5.0
156,"[[[  1]
  [  2]
  [  2]
  ...
  [ 70]
  [ 68]
  [ 68]]

 [[  2]
  [  2]
  [  2]
  ...
  [ 71]
  [ 70]
  [ 70]]

 [[  3]
  [  2]
  [  2]
  ...
  [ 72]
  [ 72]
  [ 71]]

 ...

 [[ 94]
  [ 85]
  [ 84]
  ...
  [ 91]
  [ 90]
  [ 90]]

 [[110]
  [ 82]
  [ 84]
  ...
  [ 90]
  [ 88]
  [ 89]]

 [[ 99]
  [ 80]
  [ 83]
  ...
  [ 90]
  [ 89]
  [ 89]]]",joey,5.0
157,"[[[ 55]
  [ 23]
  [ 22]
  ...
  [ 19]
  [ 19]
  [ 17]]

 [[ 32]
  [ 28]
  [ 19]
  ...
  [ 27]
  [ 16]
  [ 13]]

 [[ 30]
  [ 28]
  [ 18]
  ...
  [ 23]
  [ 18]
  [ 13]]

 ...

 [[160]
  [161]
  [156]
  ...
  [ 67]
  [ 68]
  [ 69]]

 [[159]
  [167]
  [168]
  ...
  [ 67]
  [ 68]
  [ 69]]

 [[ 48]
  [ 47]
  [ 54]
  ...
  [ 66]
  [ 67]
  [ 69]]]",joey,5.0
158,"[[[ 16]
  [ 34]
  [ 86]
  ...
  [178]
  [174]
  [172]]

 [[ 19]
  [ 47]
  [ 45]
  ...
  [167]
  [164]
  [166]]

 [[ 15]
  [ 90]
  [ 37]
  ...
  [175]
  [167]
  [161]]

 ...

 [[ 79]
  [ 80]
  [ 75]
  ...
  [ 58]
  [ 68]
  [128]]

 [[ 71]
  [ 83]
  [ 64]
  ...
  [ 68]
  [ 79]
  [114]]

 [[ 76]
  [ 79]
  [ 68]
  ...
  [ 55]
  [116]
  [ 91]]]",joey,5.0
159,"[[[111]
  [121]
  [122]
  ...
  [ 31]
  [ 17]
  [ 21]]

 [[113]
  [127]
  [126]
  ...
  [ 26]
  [ 27]
  [ 25]]

 [[120]
  [134]
  [133]
  ...
  [ 34]
  [ 29]
  [ 41]]

 ...

 [[ 27]
  [ 29]
  [ 30]
  ...
  [ 32]
  [ 43]
  [ 27]]

 [[ 33]
  [ 28]
  [ 28]
  ...
  [ 41]
  [ 53]
  [ 32]]

 [[ 19]
  [ 26]
  [ 38]
  ...
  [ 50]
  [ 47]
  [ 44]]]",joey,5.0
160,"[[[ 41]
  [ 46]
  [ 49]
  ...
  [ 44]
  [ 40]
  [ 34]]

 [[ 42]
  [ 46]
  [ 46]
  ...
  [ 53]
  [ 48]
  [ 44]]

 [[ 43]
  [ 46]
  [ 47]
  ...
  [ 61]
  [ 58]
  [ 51]]

 ...

 [[ 26]
  [ 19]
  [ 24]
  ...
  [106]
  [108]
  [109]]

 [[ 33]
  [ 37]
  [ 33]
  ...
  [106]
  [107]
  [108]]

 [[ 56]
  [ 54]
  [ 43]
  ...
  [109]
  [110]
  [110]]]",joey,5.0
161,"[[[109]
  [110]
  [113]
  ...
  [  6]
  [  7]
  [  7]]

 [[109]
  [110]
  [112]
  ...
  [  6]
  [  6]
  [  7]]

 [[108]
  [109]
  [111]
  ...
  [  4]
  [  6]
  [  7]]

 ...

 [[143]
  [143]
  [143]
  ...
  [ 44]
  [ 45]
  [ 45]]

 [[143]
  [143]
  [144]
  ...
  [ 43]
  [ 44]
  [ 44]]

 [[144]
  [144]
  [145]
  ...
  [ 42]
  [ 43]
  [ 44]]]",joey,5.0
162,"[[[ 14]
  [ 19]
  [ 23]
  ...
  [114]
  [116]
  [116]]

 [[ 16]
  [ 21]
  [ 25]
  ...
  [114]
  [116]
  [116]]

 [[ 17]
  [ 23]
  [ 27]
  ...
  [114]
  [116]
  [116]]

 ...

 [[ 93]
  [ 92]
  [ 92]
  ...
  [126]
  [126]
  [126]]

 [[ 92]
  [ 91]
  [ 90]
  ...
  [126]
  [126]
  [126]]

 [[ 92]
  [ 90]
  [ 90]
  ...
  [126]
  [126]
  [126]]]",joey,5.0
163,"[[[240]
  [239]
  [236]
  ...
  [ 84]
  [ 82]
  [ 70]]

 [[240]
  [240]
  [236]
  ...
  [ 93]
  [ 90]
  [ 91]]

 [[240]
  [239]
  [239]
  ...
  [ 95]
  [101]
  [ 98]]

 ...

 [[241]
  [241]
  [241]
  ...
  [ 67]
  [ 66]
  [ 66]]

 [[241]
  [241]
  [241]
  ...
  [ 69]
  [ 66]
  [ 71]]

 [[241]
  [241]
  [241]
  ...
  [ 70]
  [ 64]
  [ 66]]]",joey,5.0
164,"[[[ 45]
  [ 64]
  [ 74]
  ...
  [ 34]
  [ 33]
  [ 38]]

 [[ 61]
  [ 63]
  [ 71]
  ...
  [ 46]
  [ 41]
  [ 36]]

 [[ 68]
  [ 59]
  [ 71]
  ...
  [ 40]
  [ 46]
  [ 44]]

 ...

 [[ 44]
  [ 50]
  [ 72]
  ...
  [199]
  [213]
  [208]]

 [[ 47]
  [ 59]
  [ 79]
  ...
  [207]
  [208]
  [211]]

 [[ 48]
  [ 65]
  [ 84]
  ...
  [206]
  [202]
  [209]]]",joey,5.0
165,"[[[ 39]
  [ 42]
  [ 49]
  ...
  [ 39]
  [ 39]
  [ 39]]

 [[ 46]
  [ 50]
  [ 55]
  ...
  [ 37]
  [ 36]
  [ 36]]

 [[ 61]
  [ 63]
  [ 66]
  ...
  [ 33]
  [ 31]
  [ 30]]

 ...

 [[ 55]
  [ 54]
  [ 53]
  ...
  [156]
  [170]
  [177]]

 [[ 56]
  [ 55]
  [ 53]
  ...
  [160]
  [159]
  [158]]

 [[ 56]
  [ 55]
  [ 54]
  ...
  [163]
  [152]
  [147]]]",joey,5.0
166,"[[[68]
  [68]
  [68]
  ...
  [ 5]
  [ 2]
  [ 2]]

 [[69]
  [68]
  [68]
  ...
  [ 8]
  [ 4]
  [ 3]]

 [[70]
  [69]
  [69]
  ...
  [ 9]
  [ 4]
  [ 2]]

 ...

 [[85]
  [86]
  [90]
  ...
  [74]
  [71]
  [66]]

 [[84]
  [83]
  [87]
  ...
  [72]
  [71]
  [64]]

 [[83]
  [85]
  [82]
  ...
  [69]
  [68]
  [73]]]",joey,5.0
167,"[[[15]
  [24]
  [30]
  ...
  [48]
  [39]
  [35]]

 [[19]
  [25]
  [29]
  ...
  [47]
  [40]
  [34]]

 [[20]
  [26]
  [30]
  ...
  [48]
  [42]
  [34]]

 ...

 [[96]
  [89]
  [85]
  ...
  [78]
  [66]
  [49]]

 [[90]
  [92]
  [86]
  ...
  [80]
  [71]
  [50]]

 [[90]
  [92]
  [87]
  ...
  [79]
  [67]
  [47]]]",joey,5.0
168,"[[[ 43]
  [ 42]
  [ 40]
  ...
  [123]
  [122]
  [119]]

 [[ 40]
  [ 39]
  [ 38]
  ...
  [124]
  [123]
  [120]]

 [[ 39]
  [ 38]
  [ 37]
  ...
  [124]
  [124]
  [122]]

 ...

 [[ 77]
  [ 87]
  [ 87]
  ...
  [ 71]
  [ 69]
  [ 67]]

 [[ 77]
  [ 83]
  [ 81]
  ...
  [ 70]
  [ 68]
  [ 67]]

 [[ 75]
  [ 76]
  [ 73]
  ...
  [ 69]
  [ 68]
  [ 67]]]",joey,5.0
169,"[[[ 55]
  [ 40]
  [ 38]
  ...
  [ 30]
  [ 29]
  [ 26]]

 [[ 37]
  [ 36]
  [ 37]
  ...
  [ 31]
  [ 28]
  [ 26]]

 [[ 33]
  [ 41]
  [ 37]
  ...
  [ 28]
  [ 29]
  [ 30]]

 ...

 [[111]
  [110]
  [121]
  ...
  [172]
  [177]
  [166]]

 [[111]
  [112]
  [119]
  ...
  [176]
  [170]
  [170]]

 [[108]
  [110]
  [113]
  ...
  [173]
  [174]
  [171]]]",joey,5.0
170,"[[[145]
  [149]
  [154]
  ...
  [  1]
  [  2]
  [  4]]

 [[146]
  [148]
  [153]
  ...
  [  1]
  [  1]
  [  2]]

 [[147]
  [148]
  [152]
  ...
  [  2]
  [  2]
  [  1]]

 ...

 [[118]
  [119]
  [125]
  ...
  [202]
  [203]
  [202]]

 [[119]
  [122]
  [124]
  ...
  [200]
  [203]
  [203]]

 [[124]
  [120]
  [120]
  ...
  [202]
  [202]
  [201]]]",joey,5.0
171,"[[[128]
  [126]
  [126]
  ...
  [ 65]
  [ 67]
  [ 67]]

 [[129]
  [126]
  [126]
  ...
  [ 65]
  [ 66]
  [ 66]]

 [[130]
  [126]
  [127]
  ...
  [ 66]
  [ 67]
  [ 68]]

 ...

 [[112]
  [113]
  [108]
  ...
  [ 74]
  [ 93]
  [ 96]]

 [[111]
  [115]
  [110]
  ...
  [ 75]
  [ 93]
  [ 94]]

 [[106]
  [118]
  [112]
  ...
  [ 76]
  [ 92]
  [ 93]]]",joey,5.0
172,"[[[ 33]
  [ 30]
  [ 23]
  ...
  [ 17]
  [ 12]
  [ 13]]

 [[ 31]
  [ 29]
  [ 24]
  ...
  [ 19]
  [ 14]
  [ 13]]

 [[ 28]
  [ 28]
  [ 24]
  ...
  [ 21]
  [ 15]
  [ 14]]

 ...

 [[179]
  [179]
  [181]
  ...
  [ 76]
  [ 80]
  [ 83]]

 [[178]
  [178]
  [182]
  ...
  [ 77]
  [ 82]
  [ 85]]

 [[177]
  [177]
  [183]
  ...
  [ 78]
  [ 81]
  [ 85]]]",joey,5.0
173,"[[[199]
  [198]
  [194]
  ...
  [ 61]
  [ 81]
  [115]]

 [[200]
  [197]
  [193]
  ...
  [ 64]
  [ 69]
  [ 94]]

 [[200]
  [197]
  [193]
  ...
  [ 72]
  [ 66]
  [ 78]]

 ...

 [[183]
  [184]
  [183]
  ...
  [187]
  [192]
  [196]]

 [[182]
  [183]
  [182]
  ...
  [187]
  [192]
  [197]]

 [[181]
  [182]
  [181]
  ...
  [185]
  [192]
  [197]]]",joey,5.0
